timestamp,open,high,low,close,volume
2025-12-16 02:05:59.436904,49992.65,50002.81,49987.6,50000.0,142.66
2025-12-16 02:06:59.436904,50018.21,50058.41,50017.91,50024.84,101.47
2025-12-16 02:07:59.436904,50006.19,50049.73,50004.58,50017.92,125.83
2025-12-16 02:08:59.436904,50048.5,50059.41,50030.19,50050.31,50.93
2025-12-16 02:09:59.436904,50139.43,50146.29,50110.31,50126.46,29.76
2025-12-16 02:10:59.436904,50110.75,50155.96,50099.32,50114.75,105.36
2025-12-16 02:11:59.436904,50109.56,50117.05,50087.5,50103.04,84.06
2025-12-16 02:12:59.436904,50187.29,50195.18,50173.07,50182.0,131.32
2025-12-16 02:13:59.436904,50214.51,50241.2,50201.0,50220.38,96.0
2025-12-16 02:14:59.436904,50184.52,50202.68,50159.03,50196.9,110.25
2025-12-16 02:15:59.436904,50223.82,50229.78,50217.79,50224.03,18.83
2025-12-16 02:16:59.436904,50197.77,50202.98,50187.55,50200.86,194.42
2025-12-16 02:17:59.436904,50160.55,50209.53,50143.25,50177.57,91.79
2025-12-16 02:18:59.436904,50187.26,50201.19,50175.94,50189.67,134.88
2025-12-16 02:19:59.436904,50067.99,50097.24,50065.0,50094.01,58.2
2025-12-16 02:20:59.436904,50002.11,50015.39,49995.01,50007.76,115.4
2025-12-16 02:21:59.436904,49997.25,50056.15,49969.96,49979.65,34.86
2025-12-16 02:22:59.436904,49921.47,49960.27,49896.56,49929.01,122.6
2025-12-16 02:23:59.436904,49940.91,49970.59,49933.36,49944.72,82.2
2025-12-16 02:24:59.436904,49886.42,49903.63,49855.47,49899.32,101.46
2025-12-16 02:25:59.436904,49821.97,49833.01,49817.21,49828.7,134.9
2025-12-16 02:26:59.436904,49903.37,49904.05,49887.87,49901.98,38.37
2025-12-16 02:27:59.436904,49902.94,49909.3,49887.82,49890.7,65.78
2025-12-16 02:28:59.436904,49896.16,49904.71,49864.85,49894.07,122.87
2025-12-16 02:29:59.436904,49831.34,49836.28,49807.46,49822.83,204.91
2025-12-16 02:30:59.436904,49801.42,49824.18,49785.81,49795.61,93.1
2025-12-16 02:31:59.436904,49795.28,49812.42,49794.87,49801.16,129.56
2025-12-16 02:32:59.436904,49726.91,49749.85,49726.2,49743.61,94.65
2025-12-16 02:33:59.436904,49758.45,49779.35,49734.72,49762.4,197.11
2025-12-16 02:34:59.436904,49744.32,49751.07,49718.26,49732.36,12.64
2025-12-16 02:35:59.436904,49713.33,49736.64,49704.92,49717.78,104.73
2025-12-16 02:36:59.436904,49675.73,49695.72,49645.18,49687.69,18.72
2025-12-16 02:37:59.436904,49786.41,49791.78,49779.6,49780.31,25.33
2025-12-16 02:38:59.436904,49780.97,49791.94,49775.9,49779.63,114.87
2025-12-16 02:39:59.436904,49726.6,49738.12,49701.51,49726.75,106.97
2025-12-16 02:40:59.436904,49775.72,49786.01,49761.81,49767.88,85.76
2025-12-16 02:41:59.436904,49700.35,49734.56,49689.61,49706.83,94.69
2025-12-16 02:42:59.436904,49718.49,49721.12,49713.87,49717.28,254.91
2025-12-16 02:43:59.436904,49615.1,49629.32,49610.24,49619.29,87.09
2025-12-16 02:44:59.436904,49561.76,49563.23,49544.01,49552.88,125.51
2025-12-16 02:45:59.436904,49567.1,49586.54,49552.52,49562.73,67.53
2025-12-16 02:46:59.436904,49592.43,49610.43,49587.81,49599.65,114.76
2025-12-16 02:47:59.436904,49611.95,49623.12,49595.85,49608.22,88.09
2025-12-16 02:48:59.436904,49585.17,49605.36,49581.02,49602.44,79.47
2025-12-16 02:49:59.436904,49591.38,49592.34,49569.45,49587.38,190.94
2025-12-16 02:50:59.436904,49511.21,49514.83,49502.26,49513.45,158.86
2025-12-16 02:51:59.436904,49468.14,49481.25,49436.67,49477.46,106.84
2025-12-16 02:52:59.436904,49468.61,49470.36,49446.55,49454.43,15.21
2025-12-16 02:53:59.436904,49524.89,49528.12,49506.8,49507.29,81.95
2025-12-16 02:54:59.436904,49539.72,49563.4,49514.38,49524.47,235.15
2025-12-16 02:55:59.436904,49423.69,49451.1,49420.34,49436.32,88.47
2025-12-16 02:56:59.436904,49458.04,49471.08,49426.39,49452.52,155.16
2025-12-16 02:57:59.436904,49407.68,49440.1,49399.49,49433.27,172.1
2025-12-16 02:58:59.436904,49405.06,49418.4,49383.04,49399.42,110.95
2025-12-16 02:59:59.436904,49428.16,49444.33,49426.13,49430.0,57.91
2025-12-16 03:00:59.436904,49466.13,49494.69,49451.22,49481.55,21.77
2025-12-16 03:01:59.436904,49508.06,49550.21,49498.37,49528.12,134.21
2025-12-16 03:02:59.436904,49465.54,49495.22,49429.97,49486.16,59.26
2025-12-16 03:03:59.436904,49458.61,49474.14,49427.98,49470.7,108.81
2025-12-16 03:04:59.436904,49477.02,49511.85,49472.59,49487.26,37.51
2025-12-16 03:05:59.436904,49530.11,49541.92,49518.46,49536.04,86.74
2025-12-16 03:06:59.436904,49504.29,49527.03,49501.94,49512.08,101.69
2025-12-16 03:07:59.436904,49508.31,49515.3,49500.15,49502.79,113.43
2025-12-16 03:08:59.436904,49455.66,49465.27,49437.47,49447.48,44.26
2025-12-16 03:09:59.436904,49387.7,49390.56,49384.7,49387.67,159.85
2025-12-16 03:10:59.436904,49430.0,49434.86,49419.18,49428.29,70.16
2025-12-16 03:11:59.436904,49500.64,49517.85,49490.04,49496.11,16.28
2025-12-16 03:12:59.436904,49485.54,49493.78,49475.25,49492.5,94.55
2025-12-16 03:13:59.436904,49533.13,49587.55,49511.64,49542.68,101.72
2025-12-16 03:14:59.436904,49559.88,49563.57,49557.69,49560.76,108.03
2025-12-16 03:15:59.436904,49513.73,49552.96,49504.95,49528.51,168.11
2025-12-16 03:16:59.436904,49557.99,49576.08,49538.85,49546.58,88.18
2025-12-16 03:17:59.436904,49625.42,49637.08,49611.18,49623.48,94.02
2025-12-16 03:18:59.436904,49628.86,49635.86,49616.82,49621.69,44.84
2025-12-16 03:19:59.436904,49718.59,49741.4,49691.93,49699.92,141.03
2025-12-16 03:20:59.436904,49569.76,49583.99,49556.34,49568.93,109.22
2025-12-16 03:21:59.436904,49611.25,49637.46,49589.67,49610.03,79.0
2025-12-16 03:22:59.436904,49599.25,49628.36,49585.74,49614.38,4.77
2025-12-16 03:23:59.436904,49593.12,49602.98,49578.66,49599.43,172.22
2025-12-16 03:24:59.436904,49614.26,49631.29,49587.82,49604.02,38.62
2025-12-16 03:25:59.436904,49486.1,49521.23,49471.96,49504.64,70.44
2025-12-16 03:26:59.436904,49481.45,49506.02,49474.14,49493.66,117.92
2025-12-16 03:27:59.436904,49505.69,49520.64,49489.61,49511.51,40.17
2025-12-16 03:28:59.436904,49587.67,49595.61,49572.22,49585.41,25.32
2025-12-16 03:29:59.436904,49569.09,49584.94,49554.26,49559.49,6.2
2025-12-16 03:30:59.436904,49522.79,49541.14,49517.19,49519.07,136.05
2025-12-16 03:31:59.436904,49483.09,49497.86,49470.39,49493.98,72.74
2025-12-16 03:32:59.436904,49520.9,49545.04,49519.18,49539.75,246.36
2025-12-16 03:33:59.436904,49540.76,49564.74,49534.98,49556.19,50.28
2025-12-16 03:34:59.436904,49534.59,49561.9,49521.59,49529.7,53.93
2025-12-16 03:35:59.436904,49566.56,49570.61,49542.22,49555.36,71.73
2025-12-16 03:36:59.436904,49558.81,49588.9,49548.78,49560.22,112.16
2025-12-16 03:37:59.436904,49626.33,49627.36,49607.73,49608.65,76.49
2025-12-16 03:38:59.436904,49570.31,49594.07,49554.44,49573.55,130.62
2025-12-16 03:39:59.436904,49558.64,49588.45,49519.69,49557.16,51.07
2025-12-16 03:40:59.436904,49542.22,49555.89,49534.55,49537.56,30.92
2025-12-16 03:41:59.436904,49480.33,49481.92,49455.25,49464.38,10.09
2025-12-16 03:42:59.436904,49474.05,49498.14,49470.12,49479.19,11.18
2025-12-16 03:43:59.436904,49497.57,49510.26,49463.0,49492.24,74.1
2025-12-16 03:44:59.436904,49504.2,49512.35,49487.23,49492.5,84.95
2025-12-16 03:45:59.436904,49509.49,49512.49,49447.49,49480.77,68.43
2025-12-16 03:46:59.436904,49410.27,49414.23,49389.45,49410.0,162.17
2025-12-16 03:47:59.436904,49371.24,49408.05,49354.95,49388.97,161.4
2025-12-16 03:48:59.436904,49355.22,49382.82,49336.39,49371.83,83.26
2025-12-16 03:49:59.436904,49336.29,49340.62,49317.53,49331.72,10.3
2025-12-16 03:50:59.436904,49329.67,49354.5,49310.14,49323.65,71.66
2025-12-16 03:51:59.436904,49339.17,49358.26,49322.18,49343.86,70.01
2025-12-16 03:52:59.436904,49448.15,49449.99,49432.91,49438.16,67.14
2025-12-16 03:53:59.436904,49443.88,49448.29,49431.21,49446.89,65.11
2025-12-16 03:54:59.436904,49452.11,49476.72,49450.57,49459.77,67.33
2025-12-16 03:55:59.436904,49443.78,49492.22,49436.54,49456.05,80.67
2025-12-16 03:56:59.436904,49361.11,49383.86,49333.39,49360.11,68.22
2025-12-16 03:57:59.436904,49360.82,49369.85,49325.33,49358.78,110.42
2025-12-16 03:58:59.436904,49370.58,49371.66,49358.4,49361.8,118.02
2025-12-16 03:59:59.436904,49493.23,49496.41,49476.53,49484.96,54.47
2025-12-16 04:00:59.436904,49477.6,49491.88,49467.04,49475.34,163.55
2025-12-16 04:01:59.436904,49486.74,49491.58,49476.31,49490.42,51.0
2025-12-16 04:02:59.436904,49479.55,49492.55,49461.94,49488.68,19.11
2025-12-16 04:03:59.436904,49438.28,49456.91,49426.16,49430.25,119.04
2025-12-16 04:04:59.436904,49472.46,49492.4,49467.35,49487.39,59.13
2025-12-16 04:05:59.436904,49527.7,49530.03,49517.48,49524.99,116.06
2025-12-16 04:06:59.436904,49564.75,49593.37,49544.18,49564.54,20.18
2025-12-16 04:07:59.436904,49526.54,49539.45,49515.72,49519.07,169.62
2025-12-16 04:08:59.436904,49613.45,49619.65,49580.93,49589.21,133.61
2025-12-16 04:09:59.436904,49510.27,49547.43,49500.07,49519.12,24.98
2025-12-16 04:10:59.436904,49541.09,49556.81,49512.04,49548.46,26.06
2025-12-16 04:11:59.436904,49660.79,49680.83,49646.56,49657.98,183.61
2025-12-16 04:12:59.436904,49607.78,49615.74,49594.61,49608.45,63.13
2025-12-16 04:13:59.436904,49574.98,49603.35,49573.48,49580.14,58.29
2025-12-16 04:14:59.436904,49600.75,49616.99,49577.91,49585.12,13.3
2025-12-16 04:15:59.436904,49565.24,49572.31,49537.5,49559.95,82.46
2025-12-16 04:16:59.436904,49474.47,49483.82,49467.05,49482.41,88.61
2025-12-16 04:17:59.436904,49498.39,49518.27,49478.38,49485.84,135.77
2025-12-16 04:18:59.436904,49429.79,49452.04,49412.55,49432.73,30.05
2025-12-16 04:19:59.436904,49469.97,49490.93,49451.96,49456.41,23.99
2025-12-16 04:20:59.436904,49405.77,49419.19,49386.76,49410.44,122.55
2025-12-16 04:21:59.436904,49488.29,49503.86,49483.6,49487.93,150.34
2025-12-16 04:22:59.436904,49464.92,49487.71,49431.41,49448.77,21.44
2025-12-16 04:23:59.436904,49421.02,49475.15,49401.02,49432.67,154.08
2025-12-16 04:24:59.436904,49480.69,49487.46,49450.07,49473.34,101.88
2025-12-16 04:25:59.436904,49419.9,49428.18,49401.87,49411.8,154.59
2025-12-16 04:26:59.436904,49421.17,49441.18,49403.34,49423.17,96.49
2025-12-16 04:27:59.436904,49477.04,49495.48,49449.3,49488.53,26.11
2025-12-16 04:28:59.436904,49418.31,49424.49,49395.51,49408.16,92.4
2025-12-16 04:29:59.436904,49416.77,49434.7,49399.33,49417.39,153.01
2025-12-16 04:30:59.436904,49426.09,49458.43,49417.39,49430.38,55.31
2025-12-16 04:31:59.436904,49462.54,49475.3,49445.2,49469.47,80.6
2025-12-16 04:32:59.436904,49405.86,49410.48,49393.11,49407.63,91.19
2025-12-16 04:33:59.436904,49345.27,49352.01,49335.34,49341.6,44.98
2025-12-16 04:34:59.436904,49375.98,49383.62,49366.09,49367.7,183.57
2025-12-16 04:35:59.436904,49381.69,49383.07,49375.88,49382.55,54.93
2025-12-16 04:36:59.436904,49405.79,49443.12,49390.23,49395.07,125.29
2025-12-16 04:37:59.436904,49441.61,49451.48,49393.14,49412.4,95.66
2025-12-16 04:38:59.436904,49374.03,49385.2,49354.6,49378.39,162.88
2025-12-16 04:39:59.436904,49380.97,49404.74,49372.8,49390.01,120.3
2025-12-16 04:40:59.436904,49428.29,49429.17,49391.97,49404.66,88.25
2025-12-16 04:41:59.436904,49379.04,49385.74,49361.23,49368.94,55.32
2025-12-16 04:42:59.436904,49456.04,49467.37,49449.12,49462.23,139.89
2025-12-16 04:43:59.436904,49465.35,49488.48,49454.0,49485.92,6.33
2025-12-16 04:44:59.436904,49426.15,49440.8,49405.23,49426.36,132.29
2025-12-16 04:45:59.436904,49466.47,49469.57,49443.38,49459.19,45.05
2025-12-16 04:46:59.436904,49412.28,49421.43,49392.53,49410.45,162.61
2025-12-16 04:47:59.436904,49436.06,49452.16,49431.77,49449.81,108.06
2025-12-16 04:48:59.436904,49514.2,49522.99,49495.06,49507.74,132.21
2025-12-16 04:49:59.436904,49474.69,49478.06,49458.4,49466.7,104.1
2025-12-16 04:50:59.436904,49519.7,49530.42,49514.36,49514.87,12.38
2025-12-16 04:51:59.436904,49545.04,49575.79,49511.59,49535.51,56.96
2025-12-16 04:52:59.436904,49575.39,49594.0,49569.08,49576.61,133.62
2025-12-16 04:53:59.436904,49655.21,49676.5,49646.54,49671.45,108.33
2025-12-16 04:54:59.436904,49655.95,49665.57,49642.73,49659.18,159.05
2025-12-16 04:55:59.436904,49624.02,49641.98,49621.48,49621.5,120.16
2025-12-16 04:56:59.436904,49579.94,49600.51,49571.09,49577.02,51.66
2025-12-16 04:57:59.436904,49551.86,49562.5,49521.87,49536.23,60.2
2025-12-16 04:58:59.436904,49523.54,49536.7,49514.7,49532.37,105.15
2025-12-16 04:59:59.436904,49550.21,49561.97,49542.55,49549.43,15.7
2025-12-16 05:00:59.436904,49565.07,49591.1,49550.42,49563.27,183.67
2025-12-16 05:01:59.436904,49572.69,49617.48,49547.53,49604.63,122.09
2025-12-16 05:02:59.436904,49602.29,49613.61,49590.21,49605.28,161.35
2025-12-16 05:03:59.436904,49685.47,49688.54,49661.8,49677.95,20.97
2025-12-16 05:04:59.436904,49668.98,49687.02,49632.17,49664.72,162.23
2025-12-16 05:05:59.436904,49789.24,49806.66,49771.33,49800.73,211.57
2025-12-16 05:06:59.436904,49830.88,49836.77,49816.5,49832.01,33.96
2025-12-16 05:07:59.436904,49803.54,49808.53,49768.87,49789.15,138.57
2025-12-16 05:08:59.436904,49726.42,49737.01,49702.66,49735.61,100.06
2025-12-16 05:09:59.436904,49766.41,49774.35,49753.54,49759.73,22.78
2025-12-16 05:10:59.436904,49729.83,49771.28,49726.62,49748.56,124.64
2025-12-16 05:11:59.436904,49773.46,49789.08,49767.77,49784.26,141.68
2025-12-16 05:12:59.436904,49812.39,49838.72,49797.56,49807.92,69.94
2025-12-16 05:13:59.436904,49791.47,49804.56,49787.49,49804.28,158.3
2025-12-16 05:14:59.436904,49761.26,49765.32,49751.4,49761.94,16.66
2025-12-16 05:15:59.436904,49677.67,49696.59,49676.63,49686.2,25.26
2025-12-16 05:16:59.436904,49659.03,49682.91,49641.22,49663.87,106.83
2025-12-16 05:17:59.436904,49715.16,49740.69,49690.83,49706.69,101.27
2025-12-16 05:18:59.436904,49723.83,49726.87,49708.56,49717.4,64.17
2025-12-16 05:19:59.436904,49644.81,49679.59,49630.78,49655.11,140.48
2025-12-16 05:20:59.436904,49667.12,49678.11,49661.1,49663.77,126.54
2025-12-16 05:21:59.436904,49687.07,49714.34,49669.34,49683.04,142.91
2025-12-16 05:22:59.436904,49648.39,49660.02,49632.58,49638.84,93.84
2025-12-16 05:23:59.436904,49642.29,49654.82,49637.13,49646.53,130.13
2025-12-16 05:24:59.436904,49628.81,49652.95,49623.59,49649.44,77.72
2025-12-16 05:25:59.436904,49602.97,49606.69,49578.82,49592.29,202.69
2025-12-16 05:26:59.436904,49609.94,49628.19,49602.62,49610.18,59.37
2025-12-16 05:27:59.436904,49624.1,49640.32,49607.98,49638.22,205.26
2025-12-16 05:28:59.436904,49693.17,49722.67,49684.93,49692.37,101.74
2025-12-16 05:29:59.436904,49740.54,49761.82,49709.41,49745.06,31.22
2025-12-16 05:30:59.436904,49686.8,49689.59,49658.48,49676.18,168.4
2025-12-16 05:31:59.436904,49625.0,49633.94,49607.84,49629.29,106.3
2025-12-16 05:32:59.436904,49656.91,49657.76,49634.22,49655.04,142.56
2025-12-16 05:33:59.436904,49670.87,49699.01,49659.41,49680.73,161.19
2025-12-16 05:34:59.436904,49694.61,49735.75,49693.81,49706.48,116.9
2025-12-16 05:35:59.436904,49873.22,49901.27,49864.96,49899.12,70.39
2025-12-16 05:36:59.436904,49921.87,49954.93,49919.34,49927.66,148.79
2025-12-16 05:37:59.436904,49981.18,49995.84,49967.0,49984.44,100.04
2025-12-16 05:38:59.436904,50030.2,50033.56,50022.68,50032.14,134.29
2025-12-16 05:39:59.436904,50068.24,50074.54,50051.53,50064.71,7.69
2025-12-16 05:40:59.436904,50045.56,50061.9,50034.42,50048.95,122.35
2025-12-16 05:41:59.436904,50089.85,50109.04,50077.33,50086.89,68.07
2025-12-16 05:42:59.436904,50046.57,50063.88,50043.32,50048.25,182.67
2025-12-16 05:43:59.436904,50023.24,50045.17,50018.69,50036.41,131.15
2025-12-16 05:44:59.436904,50022.21,50024.15,50008.86,50012.14,111.99
2025-12-16 05:45:59.436904,50004.84,50024.94,49993.35,50016.24,124.32
2025-12-16 05:46:59.436904,50118.8,50142.57,50103.2,50131.97,50.08
2025-12-16 05:47:59.436904,50039.79,50052.62,50009.43,50038.61,181.16
2025-12-16 05:48:59.436904,50094.14,50118.88,50045.6,50072.92,199.57
2025-12-16 05:49:59.436904,49998.36,50014.42,49983.32,49992.28,119.65
2025-12-16 05:50:59.436904,49955.72,49979.63,49950.16,49968.69,179.52
2025-12-16 05:51:59.436904,50023.36,50028.79,50014.37,50023.14,71.54
2025-12-16 05:52:59.436904,50036.34,50055.74,50024.84,50026.35,60.14
2025-12-16 05:53:59.436904,49977.51,49986.1,49971.6,49972.46,102.05
2025-12-16 05:54:59.436904,49928.29,49943.46,49922.13,49936.7,121.75
2025-12-16 05:55:59.436904,49965.21,49998.72,49961.74,49970.68,80.3
2025-12-16 05:56:59.436904,49936.55,49953.97,49913.26,49934.16,126.89
2025-12-16 05:57:59.436904,49948.65,49952.9,49932.39,49944.98,115.32
2025-12-16 05:58:59.436904,49951.18,49955.69,49934.17,49947.26,50.08
2025-12-16 05:59:59.436904,49923.9,49942.05,49900.19,49914.68,125.94
2025-12-16 06:00:59.436904,50005.72,50027.71,50004.53,50021.88,143.18
2025-12-16 06:01:59.436904,50056.8,50060.57,50049.07,50053.57,108.57
2025-12-16 06:02:59.436904,49940.14,49955.23,49925.06,49952.32,157.63
2025-12-16 06:03:59.436904,49946.43,49972.98,49941.02,49961.64,39.13
2025-12-16 06:04:59.436904,49918.57,49944.28,49910.5,49928.55,123.4
2025-12-16 06:05:59.436904,49975.49,50000.32,49961.34,49971.17,41.49
2025-12-16 06:06:59.436904,49927.51,49938.8,49911.46,49931.55,44.3
2025-12-16 06:07:59.436904,49926.05,49935.23,49900.02,49925.81,68.45
2025-12-16 06:08:59.436904,49960.09,49967.46,49937.61,49951.06,52.9
2025-12-16 06:09:59.436904,49991.1,49999.72,49987.81,49994.35,72.6
2025-12-16 06:10:59.436904,49946.12,49948.21,49922.45,49934.33,89.29
2025-12-16 06:11:59.436904,49905.73,49928.7,49897.17,49917.61,141.86
2025-12-16 06:12:59.436904,49898.5,49927.14,49881.07,49893.86,83.94
2025-12-16 06:13:59.436904,49859.18,49880.97,49840.74,49861.19,20.72
2025-12-16 06:14:59.436904,49946.63,49950.55,49924.85,49949.46,157.0
2025-12-16 06:15:59.436904,49972.3,49978.48,49969.5,49969.71,58.15
2025-12-16 06:16:59.436904,49900.8,49908.01,49891.86,49906.67,97.06
2025-12-16 06:17:59.436904,49957.31,49957.88,49948.07,49952.56,122.33
2025-12-16 06:18:59.436904,50049.96,50084.64,50037.82,50058.67,109.98
2025-12-16 06:19:59.436904,50123.75,50146.18,50101.53,50110.29,154.71
2025-12-16 06:20:59.436904,50033.06,50034.95,50021.82,50034.33,123.95
2025-12-16 06:21:59.436904,49990.72,50016.76,49987.4,50010.11,56.93
2025-12-16 06:22:59.436904,50083.46,50097.74,50055.8,50073.46,208.93
2025-12-16 06:23:59.436904,50044.85,50060.17,50010.77,50038.08,109.72
2025-12-16 06:24:59.436904,50055.13,50067.37,50046.63,50060.27,92.63
2025-12-16 06:25:59.436904,50097.2,50103.01,50084.73,50099.0,148.2
2025-12-16 06:26:59.436904,50049.15,50065.35,50046.0,50052.65,112.47
2025-12-16 06:27:59.436904,50044.78,50081.58,50030.02,50049.68,119.96
2025-12-16 06:28:59.436904,49881.26,49889.1,49881.18,49887.61,224.61
2025-12-16 06:29:59.436904,49825.3,49845.43,49813.54,49836.39,86.24
2025-12-16 06:30:59.436904,49819.67,49830.25,49816.84,49823.76,84.11
2025-12-16 06:31:59.436904,49763.79,49770.84,49743.48,49761.38,105.83
2025-12-16 06:32:59.436904,49836.27,49853.61,49820.95,49843.0,153.58
2025-12-16 06:33:59.436904,49752.49,49782.17,49738.71,49771.49,24.67
2025-12-16 06:34:59.436904,49750.81,49752.47,49742.59,49749.49,1.72
2025-12-16 06:35:59.436904,49765.77,49779.22,49739.83,49756.02,70.64
2025-12-16 06:36:59.436904,49817.02,49840.72,49807.81,49828.09,18.3
2025-12-16 06:37:59.436904,49757.5,49763.04,49753.35,49756.29,78.76
2025-12-16 06:38:59.436904,49836.18,49879.78,49806.27,49814.45,125.12
2025-12-16 06:39:59.436904,49806.49,49820.59,49773.92,49814.96,55.46
2025-12-16 06:40:59.436904,49771.24,49786.82,49765.77,49765.89,28.66
2025-12-16 06:41:59.436904,49789.9,49814.37,49786.62,49788.99,103.47
2025-12-16 06:42:59.436904,49795.63,49817.51,49791.46,49798.95,143.13
2025-12-16 06:43:59.436904,49767.03,49770.58,49747.66,49768.94,15.25
2025-12-16 06:44:59.436904,49765.33,49792.36,49759.0,49772.43,141.01
2025-12-16 06:45:59.436904,49757.51,49762.21,49733.51,49753.16,140.87
2025-12-16 06:46:59.436904,49753.7,49767.93,49750.47,49758.84,147.7
2025-12-16 06:47:59.436904,49794.54,49801.38,49777.88,49791.94,160.92
2025-12-16 06:48:59.436904,49863.86,49878.13,49839.33,49871.24,210.1
2025-12-16 06:49:59.436904,49803.2,49819.77,49783.52,49809.35,82.2
2025-12-16 06:50:59.436904,49925.36,49942.67,49899.62,49916.0,105.48
2025-12-16 06:51:59.436904,49807.54,49844.68,49803.73,49818.4,79.18
2025-12-16 06:52:59.436904,49816.17,49822.02,49805.63,49810.81,100.1
2025-12-16 06:53:59.436904,49832.15,49842.6,49824.81,49840.23,176.64
2025-12-16 06:54:59.436904,49850.6,49855.73,49840.31,49854.28,32.75
2025-12-16 06:55:59.436904,49804.76,49829.38,49792.18,49823.14,56.95
2025-12-16 06:56:59.436904,49814.97,49829.16,49811.72,49812.73,168.86
2025-12-16 06:57:59.436904,49791.58,49800.7,49757.79,49788.08,151.0
2025-12-16 06:58:59.436904,49758.81,49778.57,49736.99,49758.62,81.84
2025-12-16 06:59:59.436904,49804.13,49815.77,49793.41,49801.1,142.72
2025-12-16 07:00:59.436904,49810.95,49833.98,49810.11,49818.95,117.06
2025-12-16 07:01:59.436904,49800.47,49811.75,49779.66,49784.3,175.01
2025-12-16 07:02:59.436904,49839.82,49861.82,49812.09,49829.28,103.73
2025-12-16 07:03:59.436904,49855.33,49862.85,49802.08,49844.65,151.28
2025-12-16 07:04:59.436904,49875.79,49899.92,49875.54,49885.29,232.1
2025-12-16 07:05:59.436904,49899.67,49924.51,49898.08,49916.77,129.9
2025-12-16 07:06:59.436904,49876.37,49891.04,49868.52,49875.32,102.47
2025-12-16 07:07:59.436904,49849.0,49856.83,49821.42,49847.31,136.12
2025-12-16 07:08:59.436904,49883.98,49901.23,49870.67,49884.68,81.74
2025-12-16 07:09:59.436904,49903.58,49920.16,49892.0,49915.2,219.4
2025-12-16 07:10:59.436904,49923.42,49935.13,49908.81,49914.15,109.0
2025-12-16 07:11:59.436904,49917.63,49939.98,49898.71,49920.02,86.35
2025-12-16 07:12:59.436904,49974.15,50001.85,49964.14,49983.9,58.22
2025-12-16 07:13:59.436904,49949.31,49967.73,49938.32,49954.32,154.86
2025-12-16 07:14:59.436904,49979.78,49995.07,49963.34,49981.68,143.36
2025-12-16 07:15:59.436904,49961.56,49999.01,49955.18,49971.57,75.13
2025-12-16 07:16:59.436904,49987.72,49993.86,49937.51,49960.68,128.82
2025-12-16 07:17:59.436904,50008.84,50026.31,50000.75,50015.62,24.57
2025-12-16 07:18:59.436904,50063.43,50097.66,50051.1,50056.89,109.25
2025-12-16 07:19:59.436904,50115.87,50125.14,50085.0,50097.57,122.64
2025-12-16 07:20:59.436904,50157.73,50185.87,50147.54,50162.84,185.37
2025-12-16 07:21:59.436904,50150.16,50192.09,50106.44,50163.89,61.46
2025-12-16 07:22:59.436904,50199.36,50210.06,50190.14,50197.99,36.08
2025-12-16 07:23:59.436904,50172.95,50210.72,50154.64,50182.48,55.23
2025-12-16 07:24:59.436904,50182.56,50204.27,50152.3,50198.69,33.17
2025-12-16 07:25:59.436904,50179.03,50198.74,50136.54,50192.18,166.83
2025-12-16 07:26:59.436904,50180.63,50199.81,50168.42,50197.03,177.43
2025-12-16 07:27:59.436904,50219.36,50233.17,50217.44,50226.79,116.01
2025-12-16 07:28:59.436904,50185.12,50189.21,50181.74,50185.87,161.06
2025-12-16 07:29:59.436904,50306.51,50325.7,50269.66,50290.49,106.7
2025-12-16 07:30:59.436904,50242.65,50256.94,50230.63,50240.19,95.24
2025-12-16 07:31:59.436904,50187.92,50198.07,50155.24,50179.48,83.35
2025-12-16 07:32:59.436904,50215.68,50248.98,50194.79,50237.39,84.48
2025-12-16 07:33:59.436904,50278.73,50291.18,50276.45,50276.97,22.61
2025-12-16 07:34:59.436904,50306.95,50321.68,50282.7,50308.18,113.21
2025-12-16 07:35:59.436904,50334.08,50346.36,50330.64,50339.6,97.98
2025-12-16 07:36:59.436904,50338.55,50356.74,50334.82,50338.98,137.27
2025-12-16 07:37:59.436904,50277.17,50311.79,50267.77,50294.12,104.68
2025-12-16 07:38:59.436904,50304.14,50329.15,50297.23,50297.91,91.86
2025-12-16 07:39:59.436904,50262.11,50286.9,50252.76,50264.05,56.44
2025-12-16 07:40:59.436904,50320.23,50331.27,50302.26,50312.81,103.61
2025-12-16 07:41:59.436904,50318.66,50345.38,50273.13,50305.46,136.91
2025-12-16 07:42:59.436904,50270.3,50295.15,50259.45,50264.18,42.83
2025-12-16 07:43:59.436904,50248.48,50256.35,50234.0,50248.11,104.37
2025-12-16 07:44:59.436904,50273.05,50284.08,50265.07,50268.76,111.65
2025-12-16 07:45:59.436904,50247.5,50258.32,50228.54,50240.57,64.1
2025-12-16 07:46:59.436904,50213.52,50229.28,50177.23,50199.46,70.61
2025-12-16 07:47:59.436904,50212.48,50223.84,50207.4,50211.65,111.53
2025-12-16 07:48:59.436904,50238.94,50259.5,50215.41,50223.89,43.33
2025-12-16 07:49:59.436904,50190.95,50208.97,50183.88,50198.55,117.5
2025-12-16 07:50:59.436904,50174.17,50179.25,50163.39,50174.99,55.23
2025-12-16 07:51:59.436904,50201.17,50215.99,50184.23,50186.6,153.14
2025-12-16 07:52:59.436904,50117.28,50129.99,50104.57,50114.19,216.89
2025-12-16 07:53:59.436904,50051.34,50070.09,50018.84,50043.82,56.96
2025-12-16 07:54:59.436904,50004.71,50019.59,49991.86,50007.9,126.71
2025-12-16 07:55:59.436904,49983.82,49997.81,49983.29,49997.23,63.66
2025-12-16 07:56:59.436904,50031.52,50037.79,50002.99,50012.77,152.05
2025-12-16 07:57:59.436904,50085.39,50116.93,50060.92,50086.54,36.74
2025-12-16 07:58:59.436904,50131.02,50147.09,50122.22,50129.42,124.03
2025-12-16 07:59:59.436904,50114.71,50150.1,50098.88,50121.42,56.35
2025-12-16 08:00:59.436904,50118.34,50139.68,50106.0,50120.47,89.65
2025-12-16 08:01:59.436904,50077.87,50080.71,50055.91,50070.35,48.45
2025-12-16 08:02:59.436904,50072.61,50087.72,50059.03,50069.42,141.12
2025-12-16 08:03:59.436904,50062.95,50081.77,50038.4,50054.99,58.15
2025-12-16 08:04:59.436904,50060.36,50073.89,50047.44,50071.12,127.6
2025-12-16 08:05:59.436904,50029.55,50043.83,50025.78,50029.76,82.8
2025-12-16 08:06:59.436904,50036.72,50055.92,50033.25,50055.73,94.28
2025-12-16 08:07:59.436904,50132.97,50176.0,50123.72,50132.37,107.39
2025-12-16 08:08:59.436904,50134.01,50159.04,50104.86,50126.93,61.91
2025-12-16 08:09:59.436904,50162.15,50178.03,50136.52,50147.01,110.52
2025-12-16 08:10:59.436904,50199.55,50202.15,50165.97,50181.52,176.52
2025-12-16 08:11:59.436904,50177.3,50188.88,50151.48,50161.46,61.1
2025-12-16 08:12:59.436904,50169.99,50179.29,50158.05,50172.67,158.59
2025-12-16 08:13:59.436904,50168.21,50184.29,50153.96,50173.3,174.9
2025-12-16 08:14:59.436904,50193.99,50197.43,50156.52,50178.18,59.19
2025-12-16 08:15:59.436904,50130.58,50167.4,50123.33,50139.53,27.25
2025-12-16 08:16:59.436904,50145.58,50154.63,50139.51,50140.75,115.1
2025-12-16 08:17:59.436904,50164.19,50170.13,50160.54,50165.65,72.63
2025-12-16 08:18:59.436904,50222.09,50247.79,50207.82,50238.21,193.43
2025-12-16 08:19:59.436904,50277.21,50302.05,50269.3,50286.17,101.74
2025-12-16 08:20:59.436904,50396.52,50402.03,50390.97,50393.83,59.89
2025-12-16 08:21:59.436904,50364.38,50366.6,50352.49,50355.47,42.64
2025-12-16 08:22:59.436904,50420.6,50433.82,50391.43,50399.08,154.5
2025-12-16 08:23:59.436904,50415.44,50426.12,50389.16,50408.25,71.44
2025-12-16 08:24:59.436904,50519.85,50537.65,50515.84,50517.74,102.19
2025-12-16 08:25:59.436904,50487.2,50508.74,50470.29,50477.32,147.79
2025-12-16 08:26:59.436904,50436.65,50440.22,50420.45,50435.34,75.79
2025-12-16 08:27:59.436904,50404.6,50406.06,50382.92,50405.37,97.7
2025-12-16 08:28:59.436904,50301.42,50314.99,50289.18,50299.17,99.17
2025-12-16 08:29:59.436904,50279.39,50296.98,50264.22,50272.89,134.17
2025-12-16 08:30:59.436904,50233.24,50244.91,50224.58,50234.93,129.54
2025-12-16 08:31:59.436904,50238.03,50271.57,50236.1,50242.45,88.99
2025-12-16 08:32:59.436904,50270.44,50283.62,50238.43,50259.54,103.18
2025-12-16 08:33:59.436904,50339.24,50359.02,50331.97,50353.35,81.41
2025-12-16 08:34:59.436904,50401.85,50405.32,50386.54,50400.87,26.12
2025-12-16 08:35:59.436904,50371.83,50381.72,50371.25,50372.02,112.88
2025-12-16 08:36:59.436904,50320.02,50330.34,50310.89,50327.1,194.61
2025-12-16 08:37:59.436904,50349.36,50364.79,50340.48,50351.7,55.81
2025-12-16 08:38:59.436904,50276.15,50298.91,50270.01,50285.69,61.35
2025-12-16 08:39:59.436904,50374.39,50388.08,50369.03,50377.26,56.46
2025-12-16 08:40:59.436904,50442.35,50456.1,50435.01,50436.23,136.23
2025-12-16 08:41:59.436904,50409.16,50433.1,50408.59,50412.77,122.42
2025-12-16 08:42:59.436904,50338.55,50356.11,50291.29,50327.11,92.07
2025-12-16 08:43:59.436904,50393.72,50396.82,50375.96,50394.81,54.1
2025-12-16 08:44:59.436904,50389.41,50390.61,50378.24,50389.08,104.62
2025-12-16 08:45:59.436904,50453.05,50461.36,50449.3,50450.97,21.77
2025-12-16 08:46:59.436904,50372.54,50385.46,50356.14,50371.25,107.17
2025-12-16 08:47:59.436904,50360.1,50360.55,50333.51,50341.28,143.58
2025-12-16 08:48:59.436904,50347.03,50379.32,50341.15,50341.54,37.44
2025-12-16 08:49:59.436904,50342.96,50357.04,50338.41,50343.89,23.37
2025-12-16 08:50:59.436904,50319.79,50344.81,50318.58,50321.39,178.97
2025-12-16 08:51:59.436904,50362.81,50385.36,50304.98,50352.53,69.41
2025-12-16 08:52:59.436904,50286.49,50304.1,50283.34,50299.15,156.8
2025-12-16 08:53:59.436904,50300.69,50303.87,50284.71,50292.03,92.3
2025-12-16 08:54:59.436904,50288.35,50307.46,50264.46,50298.05,91.9
2025-12-16 08:55:59.436904,50319.5,50328.09,50319.21,50323.77,121.92
2025-12-16 08:56:59.436904,50365.81,50387.09,50341.52,50359.35,55.8
2025-12-16 08:57:59.436904,50285.36,50340.44,50284.62,50303.12,106.62
2025-12-16 08:58:59.436904,50238.35,50257.5,50210.72,50226.41,80.93
2025-12-16 08:59:59.436904,50281.1,50295.37,50274.0,50290.3,33.98
2025-12-16 09:00:59.436904,50296.91,50325.02,50292.54,50306.91,116.87
2025-12-16 09:01:59.436904,50276.19,50292.32,50255.12,50269.49,86.83
2025-12-16 09:02:59.436904,50333.12,50372.19,50321.26,50347.04,92.15
2025-12-16 09:03:59.436904,50355.33,50369.51,50352.32,50352.83,39.49
2025-12-16 09:04:59.436904,50408.91,50429.09,50388.43,50411.79,179.57
2025-12-16 09:05:59.436904,50412.57,50432.23,50402.04,50415.17,143.84
2025-12-16 09:06:59.436904,50519.55,50524.63,50510.42,50518.21,148.21
2025-12-16 09:07:59.436904,50597.87,50620.04,50590.43,50605.97,84.73
2025-12-16 09:08:59.436904,50585.59,50596.78,50585.57,50593.53,13.54
2025-12-16 09:09:59.436904,50659.59,50674.98,50635.88,50642.1,197.65
2025-12-16 09:10:59.436904,50661.33,50690.89,50637.26,50674.37,96.95
2025-12-16 09:11:59.436904,50759.43,50775.35,50738.53,50742.8,62.56
2025-12-16 09:12:59.436904,50684.23,50702.54,50682.15,50694.56,120.84
2025-12-16 09:13:59.436904,50717.59,50734.29,50701.3,50728.86,158.36
2025-12-16 09:14:59.436904,50792.69,50819.11,50768.76,50781.78,98.85
2025-12-16 09:15:59.436904,50697.95,50697.96,50692.38,50693.85,163.93
2025-12-16 09:16:59.436904,50645.74,50663.47,50618.12,50634.68,154.15
2025-12-16 09:17:59.436904,50534.87,50541.61,50528.88,50532.72,46.18
2025-12-16 09:18:59.436904,50522.33,50553.62,50515.71,50519.25,66.31
2025-12-16 09:19:59.436904,50547.33,50570.35,50541.23,50555.13,147.88
2025-12-16 09:20:59.436904,50617.14,50635.67,50609.12,50630.25,35.63
2025-12-16 09:21:59.436904,50619.99,50640.2,50615.57,50633.95,92.53
2025-12-16 09:22:59.436904,50721.0,50721.81,50692.92,50715.38,28.46
2025-12-16 09:23:59.436904,50648.47,50663.2,50627.16,50646.38,76.17
2025-12-16 09:24:59.436904,50578.04,50594.87,50551.23,50561.21,85.06
2025-12-16 09:25:59.436904,50566.49,50601.29,50547.6,50558.43,82.09
2025-12-16 09:26:59.436904,50567.98,50580.57,50548.93,50577.63,72.39
2025-12-16 09:27:59.436904,50559.84,50589.56,50549.81,50576.0,45.14
2025-12-16 09:28:59.436904,50484.97,50508.2,50462.55,50472.63,214.6
2025-12-16 09:29:59.436904,50474.09,50477.96,50462.41,50468.17,193.37
2025-12-16 09:30:59.436904,50403.21,50419.77,50388.03,50402.95,41.9
2025-12-16 09:31:59.436904,50433.63,50443.56,50429.89,50436.43,179.11
2025-12-16 09:32:59.436904,50462.86,50462.89,50437.01,50454.76,80.03
2025-12-16 09:33:59.436904,50403.53,50416.6,50399.73,50407.77,106.46
2025-12-16 09:34:59.436904,50386.81,50403.19,50366.63,50382.07,96.84
2025-12-16 09:35:59.436904,50329.26,50341.78,50317.16,50329.11,67.01
2025-12-16 09:36:59.436904,50320.52,50339.68,50320.29,50325.98,149.19
2025-12-16 09:37:59.436904,50373.67,50396.92,50359.05,50373.73,106.29
2025-12-16 09:38:59.436904,50328.81,50352.66,50314.76,50324.45,76.17
2025-12-16 09:39:59.436904,50350.75,50359.36,50349.36,50349.65,34.77
2025-12-16 09:40:59.436904,50324.02,50345.02,50288.33,50323.14,55.32
2025-12-16 09:41:59.436904,50287.19,50307.33,50271.76,50283.49,17.93
2025-12-16 09:42:59.436904,50280.73,50301.22,50277.78,50278.14,100.61
2025-12-16 09:43:59.436904,50210.39,50228.62,50192.36,50226.38,40.17
2025-12-16 09:44:59.436904,50193.09,50206.24,50176.66,50198.7,86.72
2025-12-16 09:45:59.436904,50141.76,50168.7,50091.15,50138.8,168.51
2025-12-16 09:46:59.436904,50230.07,50247.63,50225.88,50237.04,159.96
2025-12-16 09:47:59.436904,50242.14,50245.78,50234.43,50238.8,98.39
2025-12-16 09:48:59.436904,50192.09,50219.21,50166.73,50203.82,95.65
2025-12-16 09:49:59.436904,50210.82,50232.97,50196.14,50214.52,193.99
2025-12-16 09:50:59.436904,50209.97,50224.44,50167.57,50208.9,126.04
2025-12-16 09:51:59.436904,50193.37,50222.28,50188.79,50197.85,83.61
2025-12-16 09:52:59.436904,50244.27,50248.53,50217.6,50228.56,28.7
2025-12-16 09:53:59.436904,50277.7,50301.56,50256.68,50266.44,119.69
2025-12-16 09:54:59.436904,50251.85,50262.03,50208.56,50239.91,141.47
2025-12-16 09:55:59.436904,50209.69,50213.17,50207.14,50211.12,68.42
2025-12-16 09:56:59.436904,50180.04,50205.16,50176.06,50197.37,114.56
2025-12-16 09:57:59.436904,50059.96,50087.38,50053.96,50082.27,81.82
2025-12-16 09:58:59.436904,50000.13,50012.94,49998.41,50006.51,90.8
2025-12-16 09:59:59.436904,50069.85,50076.01,50065.88,50074.86,24.39
2025-12-16 10:00:59.436904,50175.11,50184.02,50154.85,50157.1,88.91
2025-12-16 10:01:59.436904,50150.08,50152.56,50125.69,50144.65,148.47
2025-12-16 10:02:59.436904,50181.36,50182.54,50166.19,50173.48,68.43
2025-12-16 10:03:59.436904,50195.25,50227.18,50159.8,50189.04,102.63
2025-12-16 10:04:59.436904,50344.67,50351.54,50312.23,50342.99,62.2
2025-12-16 10:05:59.436904,50403.69,50418.38,50387.88,50398.96,118.02
2025-12-16 10:06:59.436904,50412.36,50429.66,50384.96,50392.57,89.17
2025-12-16 10:07:59.436904,50337.31,50370.1,50336.45,50344.79,53.04
2025-12-16 10:08:59.436904,50275.2,50302.11,50243.54,50264.47,166.63
2025-12-16 10:09:59.436904,50272.25,50294.97,50261.63,50274.64,146.45
2025-12-16 10:10:59.436904,50216.08,50247.46,50212.14,50236.83,69.75
2025-12-16 10:11:59.436904,50174.91,50204.21,50141.77,50165.71,124.89
2025-12-16 10:12:59.436904,50158.69,50166.57,50122.3,50133.38,126.87
2025-12-16 10:13:59.436904,50082.17,50084.83,50069.52,50079.31,132.12
2025-12-16 10:14:59.436904,50152.65,50169.67,50131.24,50163.66,15.29
2025-12-16 10:15:59.436904,50188.16,50209.71,50181.87,50207.75,150.33
2025-12-16 10:16:59.436904,50219.64,50220.8,50196.0,50207.35,71.52
2025-12-16 10:17:59.436904,50276.38,50299.27,50247.67,50281.34,82.11
2025-12-16 10:18:59.436904,50289.87,50311.63,50275.32,50285.21,231.89
2025-12-16 10:19:59.436904,50243.21,50270.32,50230.09,50242.15,115.09
2025-12-16 10:20:59.436904,50291.86,50343.54,50287.25,50318.3,80.68
2025-12-16 10:21:59.436904,50360.28,50375.64,50341.53,50345.25,10.26
2025-12-16 10:22:59.436904,50290.85,50297.58,50271.04,50293.39,169.49
2025-12-16 10:23:59.436904,50279.19,50298.34,50266.08,50283.87,32.74
2025-12-16 10:24:59.436904,50229.23,50247.68,50219.82,50240.09,49.83
2025-12-16 10:25:59.436904,50169.97,50181.87,50165.78,50170.95,83.43
2025-12-16 10:26:59.436904,50214.18,50249.73,50211.8,50217.26,170.82
2025-12-16 10:27:59.436904,50316.65,50334.5,50309.97,50312.73,138.66
2025-12-16 10:28:59.436904,50240.11,50245.99,50227.42,50242.8,92.11
2025-12-16 10:29:59.436904,50274.38,50289.79,50270.74,50270.95,115.41
2025-12-16 10:30:59.436904,50232.2,50255.01,50231.26,50238.42,69.98
2025-12-16 10:31:59.436904,50217.76,50226.22,50210.44,50214.06,106.98
2025-12-16 10:32:59.436904,50180.67,50196.68,50179.4,50184.44,103.67
2025-12-16 10:33:59.436904,50141.53,50142.71,50129.27,50141.24,148.44
2025-12-16 10:34:59.436904,50132.41,50156.59,50118.55,50143.67,148.36
2025-12-16 10:35:59.436904,50102.63,50104.72,50086.36,50102.12,124.7
2025-12-16 10:36:59.436904,50133.37,50157.03,50102.61,50115.64,81.88
2025-12-16 10:37:59.436904,50100.51,50125.17,50082.72,50113.13,137.09
2025-12-16 10:38:59.436904,50110.24,50111.35,50092.37,50101.18,95.4
2025-12-16 10:39:59.436904,50062.34,50063.48,50046.51,50055.81,45.9
2025-12-16 10:40:59.436904,50032.92,50062.51,49998.3,50026.97,79.84
2025-12-16 10:41:59.436904,50050.99,50085.53,50049.6,50064.74,104.23
2025-12-16 10:42:59.436904,50111.14,50118.72,50082.76,50089.78,145.51
2025-12-16 10:43:59.436904,50009.53,50063.24,49998.15,50040.91,90.82
2025-12-16 10:44:59.436904,50035.31,50079.94,50015.05,50045.87,39.54
2025-12-16 10:45:59.436904,50081.21,50089.51,50071.4,50083.44,102.84
2025-12-16 10:46:59.436904,50000.52,50007.89,49987.88,49999.97,105.67
2025-12-16 10:47:59.436904,50024.28,50035.69,50023.15,50027.14,109.29
2025-12-16 10:48:59.436904,49988.8,49996.94,49978.51,49994.01,145.99
2025-12-16 10:49:59.436904,50016.09,50024.02,50013.96,50022.54,150.95
2025-12-16 10:50:59.436904,49978.82,49990.91,49961.32,49984.37,70.29
2025-12-16 10:51:59.436904,49893.23,49932.11,49885.27,49894.13,69.19
2025-12-16 10:52:59.436904,49814.73,49824.96,49780.08,49812.75,47.99
2025-12-16 10:53:59.436904,49816.67,49818.56,49807.22,49815.16,134.94
2025-12-16 10:54:59.436904,49830.09,49833.43,49819.72,49828.14,172.44
2025-12-16 10:55:59.436904,49771.59,49813.63,49764.4,49782.93,84.25
2025-12-16 10:56:59.436904,49808.92,49824.98,49769.55,49814.86,87.93
2025-12-16 10:57:59.436904,49761.19,49767.23,49693.55,49731.78,173.34
2025-12-16 10:58:59.436904,49721.92,49758.35,49713.95,49728.48,125.28
2025-12-16 10:59:59.436904,49665.98,49680.41,49663.75,49667.93,121.81
2025-12-16 11:00:59.436904,49635.52,49643.77,49617.61,49635.33,40.45
2025-12-16 11:01:59.436904,49641.59,49643.8,49602.55,49637.7,133.94
2025-12-16 11:02:59.436904,49583.44,49607.3,49570.38,49594.68,53.54
2025-12-16 11:03:59.436904,49565.98,49578.57,49551.75,49575.46,43.3
2025-12-16 11:04:59.436904,49633.5,49652.89,49623.81,49625.77,82.66
2025-12-16 11:05:59.436904,49592.86,49604.91,49590.73,49596.93,70.71
2025-12-16 11:06:59.436904,49648.43,49657.54,49631.57,49638.71,88.92
2025-12-16 11:07:59.436904,49596.02,49597.18,49569.83,49582.23,27.95
2025-12-16 11:08:59.436904,49614.98,49621.37,49598.41,49608.72,147.94
2025-12-16 11:09:59.436904,49672.17,49687.07,49651.91,49680.79,156.38
2025-12-16 11:10:59.436904,49547.68,49583.85,49546.54,49557.21,2.63
2025-12-16 11:11:59.436904,49512.24,49533.33,49486.97,49517.37,148.92
2025-12-16 11:12:59.436904,49538.97,49550.01,49536.11,49546.22,59.47
2025-12-16 11:13:59.436904,49530.91,49556.84,49530.36,49536.07,142.85
2025-12-16 11:14:59.436904,49561.04,49567.7,49552.42,49554.63,96.58
2025-12-16 11:15:59.436904,49520.11,49540.95,49512.28,49524.43,101.44
2025-12-16 11:16:59.436904,49520.75,49535.75,49474.6,49528.76,90.75
2025-12-16 11:17:59.436904,49513.43,49541.17,49493.03,49520.97,160.61
2025-12-16 11:18:59.436904,49567.47,49587.2,49548.8,49579.36,38.02
2025-12-16 11:19:59.436904,49585.0,49593.55,49581.51,49592.08,130.39
2025-12-16 11:20:59.436904,49605.45,49643.05,49596.33,49608.96,155.07
2025-12-16 11:21:59.436904,49577.67,49601.7,49562.45,49588.37,135.82
2025-12-16 11:22:59.436904,49564.25,49572.86,49543.89,49563.99,216.23
2025-12-16 11:23:59.436904,49551.18,49570.32,49535.88,49542.36,73.55
2025-12-16 11:24:59.436904,49563.71,49583.04,49551.86,49562.08,147.87
2025-12-16 11:25:59.436904,49548.48,49552.87,49526.52,49541.03,94.7
2025-12-16 11:26:59.436904,49562.27,49564.46,49540.62,49555.52,161.67
2025-12-16 11:27:59.436904,49660.74,49669.95,49638.68,49659.29,99.62
2025-12-16 11:28:59.436904,49710.77,49712.89,49690.06,49702.85,80.61
2025-12-16 11:29:59.436904,49689.63,49713.46,49679.42,49686.55,165.3
2025-12-16 11:30:59.436904,49765.54,49775.98,49737.12,49746.61,75.42
2025-12-16 11:31:59.436904,49724.07,49743.32,49716.96,49726.2,29.36
2025-12-16 11:32:59.436904,49624.29,49625.97,49612.71,49624.3,74.16
2025-12-16 11:33:59.436904,49582.07,49594.14,49549.75,49573.89,130.95
2025-12-16 11:34:59.436904,49473.76,49486.17,49470.35,49480.35,169.6
2025-12-16 11:35:59.436904,49453.4,49468.98,49443.86,49462.78,105.56
2025-12-16 11:36:59.436904,49479.78,49486.94,49451.37,49463.7,165.91
2025-12-16 11:37:59.436904,49555.15,49573.98,49529.23,49547.52,32.09
2025-12-16 11:38:59.436904,49571.56,49573.47,49555.33,49563.87,77.84
2025-12-16 11:39:59.436904,49562.31,49570.72,49551.05,49552.91,85.57
2025-12-16 11:40:59.436904,49586.09,49638.33,49570.13,49594.38,94.27
2025-12-16 11:41:59.436904,49485.76,49516.56,49483.68,49483.83,104.2
2025-12-16 11:42:59.436904,49498.25,49514.58,49470.28,49495.61,134.55
2025-12-16 11:43:59.436904,49554.19,49559.83,49517.35,49534.15,77.76
2025-12-16 11:44:59.436904,49453.87,49460.5,49443.8,49460.22,106.95
2025-12-16 11:45:59.436904,49529.8,49547.38,49508.35,49517.41,97.74
2025-12-16 11:46:59.436904,49533.73,49559.77,49527.86,49534.33,53.71
2025-12-16 11:47:59.436904,49510.8,49542.03,49495.53,49513.57,94.32
2025-12-16 11:48:59.436904,49531.6,49547.56,49516.19,49545.21,92.82
2025-12-16 11:49:59.436904,49671.83,49687.18,49653.14,49658.74,91.75
2025-12-16 11:50:59.436904,49698.03,49700.66,49658.17,49667.84,101.59
2025-12-16 11:51:59.436904,49678.41,49700.3,49664.49,49680.25,103.78
2025-12-16 11:52:59.436904,49639.27,49663.46,49631.83,49657.28,78.39
2025-12-16 11:53:59.436904,49602.4,49616.77,49585.1,49614.79,163.64
2025-12-16 11:54:59.436904,49654.21,49663.12,49650.19,49656.3,41.53
2025-12-16 11:55:59.436904,49618.42,49621.7,49601.15,49613.5,63.95
2025-12-16 11:56:59.436904,49609.01,49618.45,49601.23,49617.08,239.0
2025-12-16 11:57:59.436904,49602.93,49604.14,49573.32,49593.2,48.1
2025-12-16 11:58:59.436904,49612.38,49617.93,49599.97,49617.14,32.31
2025-12-16 11:59:59.436904,49628.77,49649.74,49626.4,49633.83,136.72
2025-12-16 12:00:59.436904,49675.1,49696.46,49656.02,49685.7,3.86
2025-12-16 12:01:59.436904,49632.61,49679.47,49629.44,49660.2,88.24
2025-12-16 12:02:59.436904,49642.79,49661.38,49626.85,49646.71,207.29
2025-12-16 12:03:59.436904,49602.86,49634.45,49592.14,49597.77,22.75
2025-12-16 12:04:59.436904,49575.81,49593.12,49555.29,49575.56,0.9
2025-12-16 12:05:59.436904,49612.11,49632.91,49575.03,49594.42,25.04
2025-12-16 12:06:59.436904,49639.22,49643.75,49607.32,49632.27,144.92
2025-12-16 12:07:59.436904,49590.26,49629.3,49581.58,49586.16,156.24
2025-12-16 12:08:59.436904,49634.88,49640.3,49620.83,49629.64,74.37
2025-12-16 12:09:59.436904,49695.9,49698.39,49674.69,49697.43,134.16
2025-12-16 12:10:59.436904,49726.32,49741.48,49711.39,49718.1,169.51
2025-12-16 12:11:59.436904,49800.73,49819.67,49793.21,49811.94,189.37
2025-12-16 12:12:59.436904,49773.25,49796.2,49766.52,49773.25,87.68
2025-12-16 12:13:59.436904,49711.11,49721.08,49707.44,49711.01,15.07
2025-12-16 12:14:59.436904,49625.36,49639.23,49602.72,49622.08,58.96
2025-12-16 12:15:59.436904,49695.33,49720.84,49693.18,49696.88,78.66
2025-12-16 12:16:59.436904,49721.35,49734.5,49704.9,49729.6,87.05
2025-12-16 12:17:59.436904,49735.49,49738.69,49693.95,49726.82,90.61
2025-12-16 12:18:59.436904,49747.4,49754.84,49717.8,49740.82,155.94
2025-12-16 12:19:59.436904,49687.58,49695.61,49667.71,49684.54,163.72
2025-12-16 12:20:59.436904,49820.29,49827.96,49799.93,49806.83,91.42
2025-12-16 12:21:59.436904,49821.49,49850.51,49805.14,49813.29,154.92
2025-12-16 12:22:59.436904,49823.52,49835.76,49818.71,49818.76,117.88
2025-12-16 12:23:59.436904,49846.31,49855.77,49827.86,49855.05,103.23
2025-12-16 12:24:59.436904,49876.48,49881.85,49861.74,49879.1,145.33
2025-12-16 12:25:59.436904,49888.36,49895.65,49867.36,49890.3,103.61
2025-12-16 12:26:59.436904,49842.26,49868.48,49833.45,49850.77,202.89
2025-12-16 12:27:59.436904,49875.72,49885.13,49871.26,49874.34,28.08
2025-12-16 12:28:59.436904,49964.54,49969.12,49963.3,49968.45,74.24
2025-12-16 12:29:59.436904,50036.75,50037.52,50024.79,50035.72,93.67
2025-12-16 12:30:59.436904,50112.72,50122.9,50086.5,50115.38,121.97
2025-12-16 12:31:59.436904,50095.64,50116.23,50074.21,50089.82,163.4
2025-12-16 12:32:59.436904,50064.72,50069.57,50029.24,50040.34,98.78
2025-12-16 12:33:59.436904,50035.39,50036.3,50014.03,50034.05,28.89
2025-12-16 12:34:59.436904,50022.6,50044.34,50016.82,50036.83,142.13
2025-12-16 12:35:59.436904,50082.28,50099.55,50075.76,50091.54,137.75
2025-12-16 12:36:59.436904,49997.26,50025.23,49993.66,50006.92,2.91
2025-12-16 12:37:59.436904,50071.03,50096.55,50052.24,50083.4,99.81
2025-12-16 12:38:59.436904,50074.61,50101.18,50062.76,50075.5,20.49
2025-12-16 12:39:59.436904,50052.18,50080.37,50037.64,50054.15,66.77
2025-12-16 12:40:59.436904,50009.72,50016.24,49998.64,50003.55,54.86
2025-12-16 12:41:59.436904,49923.96,49931.1,49899.96,49920.8,140.46
2025-12-16 12:42:59.436904,49955.8,49973.9,49952.87,49961.96,105.84
2025-12-16 12:43:59.436904,49953.59,49971.99,49937.69,49965.63,35.72
2025-12-16 12:44:59.436904,49902.52,49921.72,49900.36,49901.13,144.0
2025-12-16 12:45:59.436904,49840.88,49874.13,49828.83,49836.38,28.31
2025-12-16 12:46:59.436904,49819.58,49827.13,49814.8,49819.59,116.51
2025-12-16 12:47:59.436904,49897.03,49940.44,49881.58,49903.04,59.3
2025-12-16 12:48:59.436904,49904.5,49918.98,49888.21,49890.06,81.72
2025-12-16 12:49:59.436904,49837.86,49862.3,49810.27,49814.9,125.21
2025-12-16 12:50:59.436904,49808.12,49816.85,49792.78,49802.61,126.07
2025-12-16 12:51:59.436904,49801.19,49818.79,49785.44,49788.98,166.85
2025-12-16 12:52:59.436904,49659.21,49662.18,49640.04,49654.13,95.89
2025-12-16 12:53:59.436904,49652.9,49683.92,49634.63,49651.42,115.32
2025-12-16 12:54:59.436904,49644.4,49671.88,49635.46,49639.87,78.11
2025-12-16 12:55:59.436904,49660.16,49690.45,49638.37,49674.68,109.1
2025-12-16 12:56:59.436904,49763.86,49789.59,49740.93,49767.13,121.97
2025-12-16 12:57:59.436904,49820.45,49851.32,49819.24,49823.46,95.08
2025-12-16 12:58:59.436904,49803.79,49811.57,49788.67,49810.01,9.81
2025-12-16 12:59:59.436904,49766.08,49784.66,49723.4,49754.69,116.57
2025-12-16 13:00:59.436904,49872.96,49914.79,49850.88,49883.36,118.23
2025-12-16 13:01:59.436904,49887.07,49910.99,49865.71,49886.32,65.99
2025-12-16 13:02:59.436904,49880.31,49897.2,49859.63,49887.01,35.78
2025-12-16 13:03:59.436904,49896.53,49908.71,49884.07,49885.81,173.79
2025-12-16 13:04:59.436904,49911.25,49911.98,49889.87,49895.71,124.57
2025-12-16 13:05:59.436904,49880.31,49890.9,49847.01,49888.49,88.55
2025-12-16 13:06:59.436904,49856.05,49864.77,49838.08,49859.81,43.15
2025-12-16 13:07:59.436904,49841.49,49863.25,49819.16,49832.47,58.91
2025-12-16 13:08:59.436904,49839.53,49852.72,49826.53,49830.83,165.13
2025-12-16 13:09:59.436904,49792.4,49819.82,49790.2,49803.66,106.88
2025-12-16 13:10:59.436904,49779.91,49800.56,49759.54,49768.02,72.47
2025-12-16 13:11:59.436904,49756.91,49778.03,49732.37,49773.34,125.48
2025-12-16 13:12:59.436904,49769.59,49779.9,49757.27,49760.59,59.28
2025-12-16 13:13:59.436904,49829.4,49857.79,49828.36,49835.79,175.04
2025-12-16 13:14:59.436904,49706.53,49723.2,49700.35,49703.24,167.64
2025-12-16 13:15:59.436904,49751.78,49758.35,49715.9,49757.82,76.67
2025-12-16 13:16:59.436904,49825.56,49833.53,49788.63,49820.12,68.57
2025-12-16 13:17:59.436904,49718.08,49741.6,49706.2,49716.45,30.91
2025-12-16 13:18:59.436904,49698.91,49704.52,49697.18,49699.32,25.92
2025-12-16 13:19:59.436904,49690.77,49728.44,49672.24,49680.74,33.03
2025-12-16 13:20:59.436904,49602.96,49637.97,49593.1,49610.37,106.76
2025-12-16 13:21:59.436904,49576.61,49577.09,49570.74,49571.48,83.69
2025-12-16 13:22:59.436904,49518.23,49527.84,49505.28,49515.95,32.73
2025-12-16 13:23:59.436904,49613.51,49615.35,49556.87,49603.56,85.94
2025-12-16 13:24:59.436904,49675.97,49677.67,49638.23,49650.35,125.27
2025-12-16 13:25:59.436904,49715.83,49735.32,49701.2,49713.92,126.39
2025-12-16 13:26:59.436904,49725.88,49753.5,49719.52,49750.01,5.02
2025-12-16 13:27:59.436904,49685.71,49704.91,49678.91,49693.55,93.59
2025-12-16 13:28:59.436904,49667.52,49700.37,49640.39,49667.33,30.83
2025-12-16 13:29:59.436904,49694.43,49712.34,49686.85,49691.8,145.09
2025-12-16 13:30:59.436904,49630.47,49645.07,49619.47,49630.69,139.21
2025-12-16 13:31:59.436904,49660.87,49667.12,49641.76,49666.34,55.1
2025-12-16 13:32:59.436904,49666.13,49669.57,49638.6,49654.32,61.7
2025-12-16 13:33:59.436904,49624.44,49651.7,49617.12,49635.58,76.94
2025-12-16 13:34:59.436904,49663.98,49674.5,49652.96,49671.13,12.64
2025-12-16 13:35:59.436904,49686.16,49706.9,49684.04,49693.34,116.8
2025-12-16 13:36:59.436904,49670.91,49679.76,49646.94,49675.3,86.36
2025-12-16 13:37:59.436904,49733.07,49752.94,49722.06,49733.26,148.51
2025-12-16 13:38:59.436904,49672.48,49684.02,49672.35,49679.21,45.08
2025-12-16 13:39:59.436904,49704.09,49712.92,49700.52,49710.01,69.04
2025-12-16 13:40:59.436904,49743.2,49762.25,49738.51,49739.66,24.67
2025-12-16 13:41:59.436904,49729.92,49734.22,49716.51,49724.18,49.79
2025-12-16 13:42:59.436904,49739.47,49752.97,49707.9,49740.49,40.9
2025-12-16 13:43:59.436904,49662.44,49687.51,49631.81,49677.93,149.8
2025-12-16 13:44:59.436904,49736.53,49748.76,49721.81,49724.14,65.09
2025-12-16 13:45:59.436904,49729.57,49745.56,49708.92,49714.89,106.21
2025-12-16 13:46:59.436904,49687.11,49720.63,49686.24,49688.76,80.96
2025-12-16 13:47:59.436904,49740.7,49761.18,49729.67,49741.21,36.53
2025-12-16 13:48:59.436904,49704.25,49734.79,49701.47,49705.99,91.58
2025-12-16 13:49:59.436904,49633.13,49653.91,49609.13,49635.57,129.96
2025-12-16 13:50:59.436904,49559.97,49561.03,49523.58,49557.73,39.61
2025-12-16 13:51:59.436904,49573.14,49607.44,49554.62,49588.03,140.46
2025-12-16 13:52:59.436904,49540.02,49550.46,49508.53,49524.01,57.51
2025-12-16 13:53:59.436904,49620.04,49633.81,49605.15,49611.75,75.85
2025-12-16 13:54:59.436904,49508.69,49527.28,49488.33,49507.66,126.53
2025-12-16 13:55:59.436904,49608.91,49614.85,49592.26,49592.48,66.83
2025-12-16 13:56:59.436904,49604.79,49620.81,49584.49,49603.03,101.88
2025-12-16 13:57:59.436904,49581.58,49607.26,49562.76,49598.19,84.27
2025-12-16 13:58:59.436904,49570.74,49605.5,49559.77,49570.95,106.47
2025-12-16 13:59:59.436904,49588.6,49613.1,49580.52,49590.9,19.04
2025-12-16 14:00:59.436904,49601.62,49620.51,49578.29,49589.02,8.52
2025-12-16 14:01:59.436904,49650.35,49667.55,49608.27,49644.19,130.8
2025-12-16 14:02:59.436904,49653.65,49668.25,49617.12,49649.9,151.86
2025-12-16 14:03:59.436904,49660.59,49675.7,49647.11,49657.41,54.48
2025-12-16 14:04:59.436904,49626.42,49644.28,49602.06,49639.23,87.8
2025-12-16 14:05:59.436904,49630.81,49639.8,49625.06,49636.39,114.74
2025-12-16 14:06:59.436904,49662.89,49675.25,49644.29,49651.78,134.66
2025-12-16 14:07:59.436904,49563.8,49577.06,49538.42,49566.27,1.38
2025-12-16 14:08:59.436904,49493.88,49529.61,49491.32,49498.86,55.7
2025-12-16 14:09:59.436904,49524.62,49536.03,49512.43,49536.02,83.37
2025-12-16 14:10:59.436904,49528.76,49556.3,49516.34,49544.57,135.16
2025-12-16 14:11:59.436904,49545.52,49557.38,49519.3,49535.37,224.92
2025-12-16 14:12:59.436904,49544.4,49556.09,49505.17,49536.29,88.6
2025-12-16 14:13:59.436904,49566.24,49582.47,49553.34,49553.67,29.65
2025-12-16 14:14:59.436904,49529.02,49549.26,49509.85,49526.68,120.11
2025-12-16 14:15:59.436904,49483.1,49493.99,49480.3,49487.76,166.05
2025-12-16 14:16:59.436904,49487.68,49498.07,49476.75,49497.56,105.4
2025-12-16 14:17:59.436904,49449.4,49451.07,49443.37,49448.64,54.67
2025-12-16 14:18:59.436904,49472.25,49474.94,49463.93,49469.05,147.9
2025-12-16 14:19:59.436904,49382.4,49389.86,49378.33,49383.92,133.18
2025-12-16 14:20:59.436904,49443.73,49454.12,49417.13,49435.38,48.7
2025-12-16 14:21:59.436904,49438.11,49470.03,49421.29,49459.01,119.07
2025-12-16 14:22:59.436904,49487.89,49502.67,49461.17,49471.81,149.86
2025-12-16 14:23:59.436904,49519.1,49525.21,49518.81,49520.94,159.09
2025-12-16 14:24:59.436904,49583.98,49622.14,49581.9,49604.22,96.68
2025-12-16 14:25:59.436904,49654.87,49668.36,49648.51,49654.94,82.1
2025-12-16 14:26:59.436904,49564.79,49585.39,49558.32,49562.89,161.36
2025-12-16 14:27:59.436904,49502.49,49507.76,49483.21,49498.91,39.49
2025-12-16 14:28:59.436904,49469.48,49499.15,49462.65,49467.67,121.93
2025-12-16 14:29:59.436904,49455.25,49469.68,49435.13,49468.98,31.5
2025-12-16 14:30:59.436904,49516.98,49545.45,49483.71,49494.86,153.27
2025-12-16 14:31:59.436904,49443.24,49472.79,49440.17,49458.57,87.1
2025-12-16 14:32:59.436904,49482.15,49494.67,49467.44,49467.91,163.43
2025-12-16 14:33:59.436904,49432.81,49444.27,49406.03,49430.14,124.57
2025-12-16 14:34:59.436904,49403.86,49427.0,49399.26,49399.57,38.84
2025-12-16 14:35:59.436904,49323.35,49338.73,49319.01,49329.23,171.23
2025-12-16 14:36:59.436904,49299.05,49308.0,49265.39,49283.07,177.56
2025-12-16 14:37:59.436904,49210.87,49225.0,49207.57,49215.49,144.11
2025-12-16 14:38:59.436904,49146.45,49170.23,49137.31,49166.69,61.92
2025-12-16 14:39:59.436904,49233.01,49244.17,49196.05,49219.38,84.7
2025-12-16 14:40:59.436904,49170.01,49178.23,49167.0,49171.91,107.27
2025-12-16 14:41:59.436904,49310.15,49314.15,49302.01,49303.53,64.81
2025-12-16 14:42:59.436904,49323.93,49333.28,49323.31,49328.19,184.62
2025-12-16 14:43:59.436904,49337.24,49342.98,49321.68,49337.43,107.22
2025-12-16 14:44:59.436904,49300.93,49302.79,49289.5,49294.52,35.17
2025-12-16 14:45:59.436904,49324.65,49336.4,49302.48,49329.53,116.97
2025-12-16 14:46:59.436904,49282.71,49308.2,49267.8,49300.75,82.59
2025-12-16 14:47:59.436904,49308.76,49311.5,49304.81,49306.85,96.25
2025-12-16 14:48:59.436904,49427.66,49449.7,49426.39,49434.85,81.57
2025-12-16 14:49:59.436904,49442.98,49443.51,49414.01,49430.05,140.35
2025-12-16 14:50:59.436904,49497.08,49509.24,49473.17,49487.51,155.98
2025-12-16 14:51:59.436904,49447.63,49469.07,49412.76,49452.36,114.15
2025-12-16 14:52:59.436904,49435.77,49454.49,49435.51,49450.61,83.03
2025-12-16 14:53:59.436904,49535.59,49542.34,49528.02,49539.15,97.93
2025-12-16 14:54:59.436904,49510.93,49522.67,49506.53,49507.8,100.98
2025-12-16 14:55:59.436904,49598.43,49604.89,49587.72,49598.42,59.88
2025-12-16 14:56:59.436904,49646.31,49652.43,49606.5,49633.81,128.95
2025-12-16 14:57:59.436904,49599.64,49613.95,49589.05,49605.68,123.0
2025-12-16 14:58:59.436904,49628.48,49643.98,49607.6,49637.31,177.02
2025-12-16 14:59:59.436904,49690.45,49702.84,49660.37,49685.93,162.77
2025-12-16 15:00:59.436904,49721.72,49723.96,49715.3,49717.02,65.72
2025-12-16 15:01:59.436904,49635.85,49643.97,49630.66,49638.51,141.01
2025-12-16 15:02:59.436904,49606.52,49606.63,49588.82,49602.16,52.45
2025-12-16 15:03:59.436904,49590.44,49621.74,49572.95,49589.78,134.8
2025-12-16 15:04:59.436904,49565.06,49588.47,49553.56,49586.06,74.17
2025-12-16 15:05:59.436904,49619.56,49652.75,49616.07,49617.09,48.84
2025-12-16 15:06:59.436904,49629.56,49634.96,49610.54,49625.98,114.0
2025-12-16 15:07:59.436904,49565.68,49576.61,49551.68,49559.21,33.73
2025-12-16 15:08:59.436904,49570.78,49583.82,49567.05,49578.22,12.45
2025-12-16 15:09:59.436904,49610.56,49615.25,49607.58,49608.75,91.13
2025-12-16 15:10:59.436904,49643.23,49661.12,49630.73,49636.74,104.12
2025-12-16 15:11:59.436904,49677.56,49709.64,49674.54,49690.78,81.53
2025-12-16 15:12:59.436904,49718.28,49743.44,49702.83,49732.47,21.03
2025-12-16 15:13:59.436904,49761.44,49770.29,49754.74,49755.43,59.11
2025-12-16 15:14:59.436904,49770.59,49772.72,49735.82,49751.92,119.56
2025-12-16 15:15:59.436904,49658.8,49673.96,49657.58,49668.88,129.09
2025-12-16 15:16:59.436904,49697.2,49712.64,49683.15,49690.36,99.19
2025-12-16 15:17:59.436904,49692.83,49713.83,49654.74,49700.74,157.84
2025-12-16 15:18:59.436904,49734.02,49751.17,49713.72,49714.32,119.87
2025-12-16 15:19:59.436904,49641.56,49662.78,49620.49,49650.48,62.63
2025-12-16 15:20:59.436904,49608.54,49609.51,49594.42,49596.43,85.97
2025-12-16 15:21:59.436904,49641.78,49650.18,49633.99,49649.09,29.86
2025-12-16 15:22:59.436904,49646.97,49648.21,49621.87,49647.11,94.59
2025-12-16 15:23:59.436904,49690.72,49692.98,49672.34,49681.18,155.61
2025-12-16 15:24:59.436904,49686.67,49704.55,49658.86,49682.6,134.26
2025-12-16 15:25:59.436904,49677.23,49685.34,49664.97,49684.09,170.1
2025-12-16 15:26:59.436904,49729.94,49747.8,49709.23,49731.0,84.86
2025-12-16 15:27:59.436904,49699.36,49711.1,49692.81,49705.2,167.3
2025-12-16 15:28:59.436904,49690.24,49712.69,49686.38,49710.01,90.33
2025-12-16 15:29:59.436904,49702.53,49720.97,49685.85,49686.89,173.58
2025-12-16 15:30:59.436904,49649.0,49674.21,49638.66,49665.17,98.91
2025-12-16 15:31:59.436904,49648.67,49662.47,49638.41,49649.71,135.36
2025-12-16 15:32:59.436904,49669.8,49707.08,49656.71,49660.82,173.76
2025-12-16 15:33:59.436904,49650.18,49654.15,49636.66,49636.88,90.33
2025-12-16 15:34:59.436904,49701.56,49720.69,49697.42,49699.67,110.92
2025-12-16 15:35:59.436904,49645.72,49657.21,49644.25,49654.94,164.44
2025-12-16 15:36:59.436904,49646.87,49654.87,49639.05,49645.59,93.35
2025-12-16 15:37:59.436904,49608.49,49636.2,49595.84,49623.61,33.96
2025-12-16 15:38:59.436904,49710.47,49728.74,49690.07,49695.95,207.15
2025-12-16 15:39:59.436904,49705.9,49721.76,49698.98,49705.78,76.51
2025-12-16 15:40:59.436904,49769.9,49782.98,49733.64,49757.37,107.94
2025-12-16 15:41:59.436904,49679.46,49687.82,49678.71,49683.1,157.8
2025-12-16 15:42:59.436904,49687.58,49705.03,49680.39,49696.45,69.58
2025-12-16 15:43:59.436904,49745.14,49750.13,49730.0,49740.93,49.61
2025-12-16 15:44:59.436904,49771.09,49785.08,49734.66,49745.04,112.69
2025-12-16 15:45:59.436904,49796.33,49801.66,49786.44,49798.32,10.35
2025-12-16 15:46:59.436904,49768.09,49788.43,49759.48,49772.45,85.6
2025-12-16 15:47:59.436904,49838.88,49864.71,49830.83,49842.92,112.25
2025-12-16 15:48:59.436904,49945.51,49971.61,49930.0,49957.87,86.5
2025-12-16 15:49:59.436904,49950.44,49962.99,49933.61,49939.72,22.83
2025-12-16 15:50:59.436904,49910.65,49919.56,49897.03,49917.45,179.71
2025-12-16 15:51:59.436904,49978.19,49994.73,49976.34,49990.12,105.18
2025-12-16 15:52:59.436904,50086.88,50094.75,50067.23,50069.1,171.56
2025-12-16 15:53:59.436904,50039.76,50063.24,50036.59,50042.95,87.0
2025-12-16 15:54:59.436904,50026.99,50033.35,50010.75,50021.95,56.0
2025-12-16 15:55:59.436904,50008.67,50009.26,50002.97,50007.86,113.46
2025-12-16 15:56:59.436904,49937.16,49962.17,49903.02,49940.63,89.21
2025-12-16 15:57:59.436904,49899.57,49919.31,49881.92,49894.7,41.11
2025-12-16 15:58:59.436904,49851.25,49855.47,49836.72,49844.49,173.49
2025-12-16 15:59:59.436904,49805.76,49838.09,49797.82,49806.1,68.89
2025-12-16 16:00:59.436904,49815.24,49830.43,49791.33,49804.37,7.99
2025-12-16 16:01:59.436904,49826.94,49829.31,49815.92,49816.08,166.41
2025-12-16 16:02:59.436904,49886.81,49942.25,49884.75,49893.61,74.79
2025-12-16 16:03:59.436904,49855.18,49889.79,49799.92,49843.69,69.61
2025-12-16 16:04:59.436904,49886.24,49895.63,49883.48,49892.9,11.73
2025-12-16 16:05:59.436904,49877.58,49883.8,49860.63,49882.2,187.05
2025-12-16 16:06:59.436904,49896.99,49911.92,49875.64,49879.73,35.53
2025-12-16 16:07:59.436904,49920.25,49945.8,49882.35,49913.47,102.92
2025-12-16 16:08:59.436904,49845.39,49881.91,49844.02,49857.34,145.63
2025-12-16 16:09:59.436904,49886.27,49913.06,49876.22,49876.46,121.09
2025-12-16 16:10:59.436904,49889.42,49898.75,49872.86,49884.78,97.02
2025-12-16 16:11:59.436904,49904.78,49918.14,49890.18,49909.4,14.92
2025-12-16 16:12:59.436904,49916.03,49931.31,49908.47,49923.86,59.51
2025-12-16 16:13:59.436904,50049.14,50065.19,50044.37,50046.63,109.39
2025-12-16 16:14:59.436904,50020.71,50038.71,50003.25,50014.74,60.64
2025-12-16 16:15:59.436904,49973.96,50022.93,49957.04,49988.19,110.17
2025-12-16 16:16:59.436904,49939.64,49969.9,49934.99,49957.03,134.09
2025-12-16 16:17:59.436904,49919.47,49941.68,49900.37,49929.26,148.13
2025-12-16 16:18:59.436904,49896.53,49927.67,49890.32,49897.39,38.69
2025-12-16 16:19:59.436904,49964.92,49967.1,49941.91,49956.84,209.83
2025-12-16 16:20:59.436904,50036.17,50048.07,50019.62,50027.86,138.37
2025-12-16 16:21:59.436904,49994.1,50001.16,49967.08,49999.33,99.91
2025-12-16 16:22:59.436904,49953.52,49964.58,49934.0,49957.71,154.48
2025-12-16 16:23:59.436904,49967.26,49983.67,49939.47,49981.28,218.27
2025-12-16 16:24:59.436904,49947.16,49959.23,49945.29,49953.67,28.06
2025-12-16 16:25:59.436904,50000.35,50020.57,49985.08,49985.32,88.74
2025-12-16 16:26:59.436904,49984.94,50006.18,49981.66,49995.46,18.92
2025-12-16 16:27:59.436904,49929.65,49937.47,49912.98,49919.67,109.63
2025-12-16 16:28:59.436904,50000.89,50005.71,49994.04,49997.05,118.27
2025-12-16 16:29:59.436904,50084.34,50089.36,50078.83,50086.84,98.04
2025-12-16 16:30:59.436904,50036.25,50071.13,50020.64,50056.2,67.27
2025-12-16 16:31:59.436904,50005.72,50039.54,49976.39,50036.82,2.48
2025-12-16 16:32:59.436904,50045.04,50083.77,50039.51,50051.11,118.68
2025-12-16 16:33:59.436904,50069.67,50072.34,50064.63,50067.83,172.77
2025-12-16 16:34:59.436904,50095.42,50122.19,50081.65,50100.76,70.45
2025-12-16 16:35:59.436904,50192.4,50223.38,50166.43,50201.27,122.0
2025-12-16 16:36:59.436904,50195.63,50204.42,50182.89,50192.42,21.59
2025-12-16 16:37:59.436904,50134.56,50157.45,50133.94,50152.51,122.86
2025-12-16 16:38:59.436904,50081.24,50102.34,50072.9,50083.54,80.33
2025-12-16 16:39:59.436904,50042.02,50053.72,50033.15,50047.0,61.88
2025-12-16 16:40:59.436904,50038.68,50055.73,50010.98,50045.34,61.98
2025-12-16 16:41:59.436904,50130.85,50164.6,50124.42,50135.07,80.32
2025-12-16 16:42:59.436904,50100.8,50110.74,50085.36,50109.19,119.12
2025-12-16 16:43:59.436904,50126.55,50157.18,50115.32,50120.38,34.39
2025-12-16 16:44:59.436904,50125.14,50129.3,50106.86,50119.56,80.14
2025-12-16 16:45:59.436904,50189.98,50190.31,50165.09,50178.98,97.93
2025-12-16 16:46:59.436904,50300.93,50310.15,50295.97,50305.32,45.05
2025-12-16 16:47:59.436904,50270.99,50278.95,50263.34,50278.78,189.83
2025-12-16 16:48:59.436904,50249.73,50266.5,50247.49,50254.31,57.33
2025-12-16 16:49:59.436904,50289.77,50318.86,50278.21,50306.52,66.53
2025-12-16 16:50:59.436904,50340.67,50344.05,50304.88,50340.61,51.08
2025-12-16 16:51:59.436904,50426.26,50433.21,50413.85,50432.95,189.92
2025-12-16 16:52:59.436904,50473.06,50487.69,50444.74,50462.14,127.65
2025-12-16 16:53:59.436904,50448.05,50467.6,50436.59,50444.18,53.17
2025-12-16 16:54:59.436904,50466.75,50483.68,50451.37,50473.71,155.31
2025-12-16 16:55:59.436904,50520.65,50537.44,50519.72,50529.15,110.03
2025-12-16 16:56:59.436904,50573.11,50588.14,50568.56,50570.17,112.86
2025-12-16 16:57:59.436904,50596.25,50603.71,50579.36,50595.53,82.78
2025-12-16 16:58:59.436904,50664.05,50675.78,50646.24,50648.87,62.53
2025-12-16 16:59:59.436904,50710.9,50722.3,50701.34,50707.33,116.89
2025-12-16 17:00:59.436904,50767.54,50803.01,50762.13,50776.44,72.75
2025-12-16 17:01:59.436904,50803.12,50815.95,50795.56,50808.88,190.84
2025-12-16 17:02:59.436904,50795.51,50827.99,50791.15,50800.52,36.54
2025-12-16 17:03:59.436904,50807.36,50826.28,50799.75,50807.86,176.81
2025-12-16 17:04:59.436904,50868.11,50899.31,50860.4,50868.18,94.43
2025-12-16 17:05:59.436904,50833.94,50835.23,50809.35,50827.33,114.95
2025-12-16 17:06:59.436904,50838.78,50848.02,50812.01,50845.77,141.66
2025-12-16 17:07:59.436904,50821.89,50831.0,50821.69,50826.1,68.49
2025-12-16 17:08:59.436904,50822.62,50843.18,50819.24,50827.54,143.21
2025-12-16 17:09:59.436904,50896.72,50914.3,50877.53,50891.46,35.38
2025-12-16 17:10:59.436904,50922.55,50929.51,50856.98,50901.02,64.0
2025-12-16 17:11:59.436904,50892.37,50911.6,50876.27,50903.34,53.8
2025-12-16 17:12:59.436904,50840.13,50844.88,50828.91,50835.34,37.32
2025-12-16 17:13:59.436904,50881.28,50894.56,50866.42,50872.66,89.25
2025-12-16 17:14:59.436904,50898.0,50907.65,50888.99,50904.93,119.29
2025-12-16 17:15:59.436904,51017.01,51036.56,50998.72,51013.09,135.13
2025-12-16 17:16:59.436904,50987.11,51006.5,50959.99,50997.7,112.04
2025-12-16 17:17:59.436904,51002.49,51014.85,50994.9,51008.66,66.72
2025-12-16 17:18:59.436904,51014.3,51024.99,50998.46,51021.13,118.45
2025-12-16 17:19:59.436904,51113.66,51117.27,51096.15,51100.0,106.21
2025-12-16 17:20:59.436904,51083.12,51095.36,51078.5,51095.24,146.8
2025-12-16 17:21:59.436904,51106.58,51114.07,51075.55,51109.19,138.85
2025-12-16 17:22:59.436904,51143.28,51145.74,51118.62,51139.59,101.52
2025-12-16 17:23:59.436904,51147.48,51152.1,51129.44,51148.92,55.14
2025-12-16 17:24:59.436904,51144.36,51159.26,51123.9,51126.59,67.35
2025-12-16 17:25:59.436904,51132.21,51151.54,51119.64,51136.3,72.51
2025-12-16 17:26:59.436904,51200.27,51221.1,51188.45,51189.98,84.24
2025-12-16 17:27:59.436904,51152.18,51176.19,51126.02,51138.65,113.4
2025-12-16 17:28:59.436904,51160.53,51178.79,51134.04,51145.3,135.76
2025-12-16 17:29:59.436904,51099.17,51112.69,51089.35,51110.3,97.44
2025-12-16 17:30:59.436904,51176.34,51189.73,51155.47,51170.05,100.81
2025-12-16 17:31:59.436904,51078.55,51101.59,51078.35,51093.89,107.17
2025-12-16 17:32:59.436904,51071.3,51071.82,51056.95,51065.94,74.2
2025-12-16 17:33:59.436904,51101.88,51131.41,51061.42,51084.8,53.73
2025-12-16 17:34:59.436904,51174.25,51184.07,51150.79,51163.08,12.23
2025-12-16 17:35:59.436904,51147.44,51171.96,51141.08,51159.79,65.24
2025-12-16 17:36:59.436904,51133.59,51148.5,51117.55,51132.03,123.66
2025-12-16 17:37:59.436904,51231.57,51237.88,51218.01,51226.09,64.85
2025-12-16 17:38:59.436904,51152.09,51166.54,51145.09,51153.69,88.11
2025-12-16 17:39:59.436904,51038.73,51045.22,51016.49,51043.75,123.32
2025-12-16 17:40:59.436904,51054.58,51084.72,51042.31,51065.75,126.03
2025-12-16 17:41:59.436904,51026.16,51067.54,51009.16,51040.65,46.02
2025-12-16 17:42:59.436904,50993.18,50998.93,50983.4,50989.59,149.85
2025-12-16 17:43:59.436904,51038.26,51040.12,51013.92,51025.0,156.37
2025-12-16 17:44:59.436904,51041.33,51047.29,51012.79,51037.19,43.51
2025-12-16 17:45:59.436904,51006.39,51026.75,50976.05,51008.99,58.81
2025-12-16 17:46:59.436904,50954.61,50960.61,50926.19,50944.98,159.55
2025-12-16 17:47:59.436904,50998.17,51002.21,50976.91,50988.6,92.66
2025-12-16 17:48:59.436904,51017.67,51021.78,51013.58,51021.11,10.99
2025-12-16 17:49:59.436904,51016.64,51019.37,51009.89,51016.15,30.02
2025-12-16 17:50:59.436904,51108.15,51118.53,51090.29,51108.48,87.53
2025-12-16 17:51:59.436904,51062.56,51080.14,51042.7,51054.98,41.85
2025-12-16 17:52:59.436904,50981.0,50998.65,50962.32,50978.7,79.33
2025-12-16 17:53:59.436904,50953.35,50960.66,50935.89,50944.11,101.62
2025-12-16 17:54:59.436904,50932.92,50959.55,50912.89,50941.83,173.11
2025-12-16 17:55:59.436904,50943.64,50961.21,50932.78,50953.99,85.48
2025-12-16 17:56:59.436904,50960.39,50963.43,50922.57,50941.93,153.63
2025-12-16 17:57:59.436904,50968.83,50976.75,50920.72,50959.53,171.44
2025-12-16 17:58:59.436904,50911.92,50927.46,50878.96,50896.96,171.72
2025-12-16 17:59:59.436904,50975.65,50996.99,50958.66,50969.15,114.24
2025-12-16 18:00:59.436904,50965.87,50980.42,50958.89,50965.04,1.84
2025-12-16 18:01:59.436904,51035.4,51041.36,51009.15,51020.9,123.04
2025-12-16 18:02:59.436904,51047.26,51065.82,51015.98,51038.04,152.42
2025-12-16 18:03:59.436904,51070.92,51076.61,51041.93,51060.88,95.95
2025-12-16 18:04:59.436904,51087.29,51103.89,51075.65,51089.36,187.23
2025-12-16 18:05:59.436904,51111.06,51116.4,51109.87,51111.75,142.99
2025-12-16 18:06:59.436904,51151.1,51160.32,51134.27,51143.89,128.41
2025-12-16 18:07:59.436904,51208.58,51220.99,51198.69,51210.34,154.32
2025-12-16 18:08:59.436904,51225.64,51240.32,51204.77,51220.17,116.67
2025-12-16 18:09:59.436904,51258.34,51278.91,51246.63,51255.62,24.64
2025-12-16 18:10:59.436904,51234.4,51275.26,51210.12,51251.13,75.04
2025-12-16 18:11:59.436904,51309.73,51335.56,51303.5,51323.14,159.86
2025-12-16 18:12:59.436904,51302.32,51318.68,51271.07,51289.32,59.62
2025-12-16 18:13:59.436904,51371.07,51386.31,51350.62,51379.37,88.83
2025-12-16 18:14:59.436904,51369.24,51379.61,51360.17,51377.36,47.76
2025-12-16 18:15:59.436904,51317.3,51338.8,51292.16,51305.82,189.2
2025-12-16 18:16:59.436904,51304.04,51320.1,51280.43,51312.23,184.07
2025-12-16 18:17:59.436904,51262.79,51285.58,51255.94,51278.17,55.81
2025-12-16 18:18:59.436904,51331.43,51350.87,51297.76,51320.2,107.36
2025-12-16 18:19:59.436904,51296.75,51313.36,51273.8,51287.57,65.98
2025-12-16 18:20:59.436904,51255.09,51270.75,51235.25,51265.26,130.75
2025-12-16 18:21:59.436904,51168.07,51173.06,51165.54,51170.79,125.48
2025-12-16 18:22:59.436904,51142.66,51169.11,51141.46,51148.17,140.59
2025-12-16 18:23:59.436904,51023.57,51035.85,51012.19,51026.98,116.6
2025-12-16 18:24:59.436904,50943.88,50958.64,50933.43,50947.78,246.77
2025-12-16 18:25:59.436904,50999.07,51002.0,50981.62,50985.8,48.6
2025-12-16 18:26:59.436904,51014.62,51031.87,51011.49,51025.09,14.47
2025-12-16 18:27:59.436904,51034.67,51058.21,51029.98,51046.37,80.35
2025-12-16 18:28:59.436904,51000.31,51000.42,50985.15,50998.02,21.6
2025-12-16 18:29:59.436904,50996.07,50999.3,50987.33,50995.63,25.38
2025-12-16 18:30:59.436904,51010.76,51016.34,50991.59,50995.45,49.93
2025-12-16 18:31:59.436904,50932.39,50948.46,50916.16,50937.53,53.89
2025-12-16 18:32:59.436904,51006.98,51017.5,51005.05,51012.7,52.27
2025-12-16 18:33:59.436904,51057.19,51082.0,51043.8,51056.57,125.91
2025-12-16 18:34:59.436904,51034.28,51047.62,51022.9,51045.52,74.69
2025-12-16 18:35:59.436904,51050.21,51065.15,51032.19,51046.87,91.02
2025-12-16 18:36:59.436904,51051.64,51078.14,51047.55,51057.29,144.71
2025-12-16 18:37:59.436904,50965.4,50967.76,50936.69,50955.2,61.68
2025-12-16 18:38:59.436904,50943.08,50959.54,50930.76,50942.84,86.77
2025-12-16 18:39:59.436904,50910.49,50932.64,50905.92,50908.74,118.29
2025-12-16 18:40:59.436904,50856.41,50869.75,50846.56,50858.66,2.92
2025-12-16 18:41:59.436904,50848.3,50866.18,50840.7,50844.61,19.25
2025-12-16 18:42:59.436904,50935.81,50950.06,50911.84,50934.49,117.31
2025-12-16 18:43:59.436904,50958.27,50970.18,50954.96,50966.53,124.6
2025-12-16 18:44:59.436904,50942.34,50965.33,50935.07,50937.97,203.21
2025-12-16 18:45:59.436904,50982.67,50985.61,50958.5,50966.6,107.9
2025-12-16 18:46:59.436904,51019.07,51041.1,51015.73,51036.57,140.99
2025-12-16 18:47:59.436904,51068.99,51085.44,51051.01,51082.8,90.23
2025-12-16 18:48:59.436904,51098.71,51126.36,51069.52,51085.78,114.86
2025-12-16 18:49:59.436904,51046.54,51066.79,51043.39,51053.44,183.36
2025-12-16 18:50:59.436904,51093.38,51094.34,51085.37,51088.35,6.2
2025-12-16 18:51:59.436904,51105.39,51116.07,51105.25,51108.02,120.68
2025-12-16 18:52:59.436904,51149.84,51185.72,51142.07,51152.78,206.78
2025-12-16 18:53:59.436904,51186.88,51189.32,51181.27,51184.54,114.1
2025-12-16 18:54:59.436904,51244.86,51247.0,51229.88,51237.02,182.53
2025-12-16 18:55:59.436904,51217.16,51229.91,51184.05,51210.26,68.54
2025-12-16 18:56:59.436904,51285.29,51295.68,51268.04,51276.13,98.4
2025-12-16 18:57:59.436904,51294.32,51303.06,51282.18,51286.01,101.68
2025-12-16 18:58:59.436904,51390.44,51402.44,51385.93,51389.77,10.88
2025-12-16 18:59:59.436904,51362.47,51391.09,51337.41,51355.31,41.59
2025-12-16 19:00:59.436904,51435.29,51448.0,51423.71,51442.11,45.16
2025-12-16 19:01:59.436904,51437.13,51467.03,51429.66,51452.0,141.1
2025-12-16 19:02:59.436904,51425.23,51446.14,51411.74,51419.43,143.61
2025-12-16 19:03:59.436904,51392.84,51405.9,51380.82,51395.24,116.2
2025-12-16 19:04:59.436904,51374.22,51385.66,51369.02,51379.22,141.21
2025-12-16 19:05:59.436904,51395.71,51406.12,51384.15,51400.43,91.79
2025-12-16 19:06:59.436904,51425.81,51434.91,51410.0,51426.57,160.1
2025-12-16 19:07:59.436904,51390.46,51399.84,51384.04,51397.89,100.44
2025-12-16 19:08:59.436904,51391.85,51421.7,51366.32,51396.67,102.89
2025-12-16 19:09:59.436904,51516.16,51530.3,51495.36,51503.78,86.72
2025-12-16 19:10:59.436904,51581.47,51614.38,51576.53,51590.16,134.22
2025-12-16 19:11:59.436904,51603.1,51616.81,51577.98,51611.98,78.94
2025-12-16 19:12:59.436904,51621.51,51641.39,51609.75,51613.88,148.82
2025-12-16 19:13:59.436904,51619.5,51640.98,51586.48,51619.88,43.39
2025-12-16 19:14:59.436904,51643.72,51659.34,51613.74,51650.55,45.05
2025-12-16 19:15:59.436904,51601.51,51612.56,51598.9,51599.41,134.37
2025-12-16 19:16:59.436904,51575.81,51607.77,51566.61,51586.54,95.57
2025-12-16 19:17:59.436904,51479.48,51506.39,51473.84,51503.12,77.31
2025-12-16 19:18:59.436904,51530.94,51546.08,51520.56,51523.08,144.5
2025-12-16 19:19:59.436904,51569.25,51581.92,51538.0,51555.44,69.64
2025-12-16 19:20:59.436904,51528.24,51553.76,51520.14,51531.28,89.99
2025-12-16 19:21:59.436904,51602.76,51611.35,51589.34,51609.98,169.96
2025-12-16 19:22:59.436904,51551.0,51552.31,51524.21,51548.69,176.96
2025-12-16 19:23:59.436904,51460.94,51483.69,51447.36,51475.47,178.62
2025-12-16 19:24:59.436904,51500.08,51514.32,51459.59,51486.69,85.89
2025-12-16 19:25:59.436904,51532.12,51539.94,51527.99,51539.05,161.54
2025-12-16 19:26:59.436904,51629.3,51657.13,51622.55,51623.24,52.55
2025-12-16 19:27:59.436904,51583.11,51603.66,51581.39,51600.3,54.65
2025-12-16 19:28:59.436904,51634.31,51659.43,51633.38,51654.23,17.52
2025-12-16 19:29:59.436904,51659.97,51684.15,51638.39,51652.31,183.64
2025-12-16 19:30:59.436904,51649.17,51653.11,51640.82,51643.68,56.8
2025-12-16 19:31:59.436904,51679.26,51692.9,51656.8,51687.86,93.67
2025-12-16 19:32:59.436904,51724.35,51738.75,51700.03,51720.48,54.48
2025-12-16 19:33:59.436904,51642.11,51649.05,51637.1,51641.66,134.76
2025-12-16 19:34:59.436904,51715.23,51733.17,51707.9,51715.48,81.22
2025-12-16 19:35:59.436904,51803.68,51806.27,51760.65,51784.49,34.76
2025-12-16 19:36:59.436904,51753.35,51763.42,51734.58,51753.21,122.08
2025-12-16 19:37:59.436904,51779.9,51802.82,51756.12,51773.0,28.31
2025-12-16 19:38:59.436904,51802.63,51815.94,51781.26,51797.7,58.13
2025-12-16 19:39:59.436904,51796.3,51822.15,51795.28,51810.73,5.34
2025-12-16 19:40:59.436904,51795.78,51796.69,51776.74,51783.22,28.8
2025-12-16 19:41:59.436904,51741.51,51755.46,51730.41,51749.64,108.93
2025-12-16 19:42:59.436904,51751.15,51769.89,51709.78,51748.36,1.77
2025-12-16 19:43:59.436904,51809.79,51829.79,51773.26,51807.0,25.94
2025-12-16 19:44:59.436904,51826.27,51839.42,51817.14,51834.18,99.88
2025-12-16 19:45:59.436904,51812.25,51827.23,51803.89,51815.65,72.82
2025-12-16 19:46:59.436904,51848.52,51859.92,51839.73,51854.23,199.6
2025-12-16 19:47:59.436904,51702.12,51730.26,51692.83,51711.8,191.69
2025-12-16 19:48:59.436904,51772.56,51781.51,51755.61,51769.24,56.6
2025-12-16 19:49:59.436904,51688.38,51724.23,51656.99,51682.26,127.86
2025-12-16 19:50:59.436904,51674.99,51681.17,51651.5,51664.13,137.46
2025-12-16 19:51:59.436904,51616.4,51630.11,51607.8,51608.15,70.13
2025-12-16 19:52:59.436904,51513.93,51551.48,51493.66,51543.42,25.22
2025-12-16 19:53:59.436904,51589.01,51607.88,51566.32,51601.46,99.39
2025-12-16 19:54:59.436904,51591.58,51595.78,51558.11,51578.07,91.36
2025-12-16 19:55:59.436904,51608.62,51627.81,51562.73,51595.4,78.21
2025-12-16 19:56:59.436904,51588.23,51600.78,51577.74,51593.05,122.12
2025-12-16 19:57:59.436904,51611.43,51629.42,51609.01,51616.9,62.46
2025-12-16 19:58:59.436904,51615.26,51653.51,51613.71,51620.75,42.4
2025-12-16 19:59:59.436904,51559.15,51567.7,51554.36,51556.6,105.45
2025-12-16 20:00:59.436904,51607.66,51616.37,51585.24,51606.41,119.3
2025-12-16 20:01:59.436904,51578.44,51590.89,51566.4,51581.72,41.17
2025-12-16 20:02:59.436904,51503.03,51505.29,51499.44,51503.89,146.4
2025-12-16 20:03:59.436904,51504.68,51508.27,51471.49,51482.49,11.48
2025-12-16 20:04:59.436904,51559.82,51576.57,51529.13,51557.52,71.09
2025-12-16 20:05:59.436904,51608.55,51611.35,51595.36,51600.04,87.1
2025-12-16 20:06:59.436904,51580.85,51593.58,51563.03,51582.6,68.19
2025-12-16 20:07:59.436904,51535.29,51593.5,51529.33,51565.14,71.75
2025-12-16 20:08:59.436904,51545.38,51549.8,51537.37,51549.06,193.55
2025-12-16 20:09:59.436904,51656.03,51667.56,51651.53,51652.9,57.46
2025-12-16 20:10:59.436904,51662.77,51681.12,51650.0,51671.99,222.06
2025-12-16 20:11:59.436904,51688.67,51698.94,51688.57,51693.49,121.86
2025-12-16 20:12:59.436904,51740.81,51749.68,51717.83,51745.01,104.6
2025-12-16 20:13:59.436904,51750.88,51785.29,51733.63,51756.95,123.81
2025-12-16 20:14:59.436904,51723.43,51774.23,51720.35,51744.0,226.5
2025-12-16 20:15:59.436904,51745.49,51764.85,51717.4,51734.18,50.32
2025-12-16 20:16:59.436904,51725.86,51736.56,51717.96,51730.6,43.98
2025-12-16 20:17:59.436904,51738.0,51754.54,51720.88,51728.74,62.26
2025-12-16 20:18:59.436904,51759.56,51770.33,51748.1,51765.12,101.61
2025-12-16 20:19:59.436904,51776.9,51778.2,51754.57,51767.72,13.71
2025-12-16 20:20:59.436904,51808.52,51813.86,51793.71,51804.35,101.12
2025-12-16 20:21:59.436904,51803.26,51806.14,51790.64,51800.31,184.68
2025-12-16 20:22:59.436904,51794.49,51811.84,51788.75,51804.24,107.57
2025-12-16 20:23:59.436904,51695.15,51726.04,51665.51,51704.33,85.37
2025-12-16 20:24:59.436904,51762.61,51771.13,51741.6,51750.15,69.09
2025-12-16 20:25:59.436904,51766.93,51783.22,51749.24,51767.47,144.93
2025-12-16 20:26:59.436904,51824.47,51844.91,51816.87,51817.38,58.71
2025-12-16 20:27:59.436904,51685.15,51709.76,51654.71,51672.56,192.32
2025-12-16 20:28:59.436904,51779.15,51826.43,51763.09,51776.98,196.67
2025-12-16 20:29:59.436904,51773.09,51789.94,51768.64,51770.0,112.84
2025-12-16 20:30:59.436904,51801.14,51829.05,51798.48,51825.41,99.42
2025-12-16 20:31:59.436904,51769.09,51804.65,51759.25,51773.42,151.53
2025-12-16 20:32:59.436904,51817.83,51826.13,51789.6,51804.05,154.74
2025-12-16 20:33:59.436904,51757.03,51765.25,51751.08,51751.38,59.7
2025-12-16 20:34:59.436904,51709.98,51749.05,51698.41,51720.2,73.67
2025-12-16 20:35:59.436904,51795.01,51827.52,51768.4,51815.9,33.88
2025-12-16 20:36:59.436904,51822.22,51847.56,51796.07,51806.36,120.45
2025-12-16 20:37:59.436904,51836.03,51843.1,51807.98,51817.23,133.33
2025-12-16 20:38:59.436904,51842.03,51890.37,51840.42,51860.74,32.5
2025-12-16 20:39:59.436904,51881.63,51896.79,51876.45,51885.52,77.24
2025-12-16 20:40:59.436904,51901.73,51932.7,51882.72,51893.04,32.64
2025-12-16 20:41:59.436904,51905.94,51911.72,51896.75,51911.29,55.06
2025-12-16 20:42:59.436904,52057.82,52088.99,52030.61,52031.46,127.55
2025-12-16 20:43:59.436904,52028.55,52033.39,52010.79,52028.58,63.33
2025-12-16 20:44:59.436904,52035.36,52063.29,52030.23,52038.64,84.96
2025-12-16 20:45:59.436904,52081.93,52096.58,52081.02,52091.17,18.63
2025-12-16 20:46:59.436904,52156.58,52169.54,52137.42,52146.44,109.35
2025-12-16 20:47:59.436904,52204.94,52206.26,52195.44,52205.8,97.79
2025-12-16 20:48:59.436904,52246.99,52247.26,52224.97,52237.73,63.55
2025-12-16 20:49:59.436904,52178.03,52187.67,52169.91,52180.58,90.55
2025-12-16 20:50:59.436904,52271.21,52291.71,52250.92,52262.25,109.01
2025-12-16 20:51:59.436904,52209.02,52217.91,52201.61,52204.94,59.26
2025-12-16 20:52:59.436904,52230.03,52270.59,52199.82,52220.07,26.19
2025-12-16 20:53:59.436904,52175.84,52191.8,52149.32,52182.35,190.28
2025-12-16 20:54:59.436904,52170.56,52186.47,52165.76,52179.15,68.34
2025-12-16 20:55:59.436904,52197.93,52207.43,52174.48,52195.59,95.16
2025-12-16 20:56:59.436904,52211.27,52211.99,52204.64,52211.65,150.54
2025-12-16 20:57:59.436904,52247.24,52268.32,52231.09,52232.75,276.45
2025-12-16 20:58:59.436904,52316.43,52331.21,52287.87,52313.44,37.78
2025-12-16 20:59:59.436904,52336.61,52339.59,52319.49,52336.11,122.49
2025-12-16 21:00:59.436904,52297.7,52325.09,52283.06,52323.9,64.62
2025-12-16 21:01:59.436904,52383.23,52391.92,52351.12,52372.11,73.06
2025-12-16 21:02:59.436904,52416.94,52438.79,52407.51,52431.58,63.99
2025-12-16 21:03:59.436904,52360.23,52380.64,52356.07,52370.2,43.72
2025-12-16 21:04:59.436904,52397.27,52407.84,52381.72,52400.07,97.94
2025-12-16 21:05:59.436904,52417.54,52436.45,52414.49,52435.13,26.27
2025-12-16 21:06:59.436904,52416.53,52452.8,52415.98,52420.25,147.34
2025-12-16 21:07:59.436904,52485.15,52510.39,52475.25,52489.04,102.75
2025-12-16 21:08:59.436904,52482.07,52509.84,52465.18,52481.53,121.12
2025-12-16 21:09:59.436904,52475.58,52499.57,52464.36,52487.81,76.69
2025-12-16 21:10:59.436904,52468.2,52489.34,52438.69,52479.16,81.64
2025-12-16 21:11:59.436904,52486.2,52490.97,52479.62,52479.94,114.38
2025-12-16 21:12:59.436904,52438.32,52450.03,52420.72,52425.13,41.8
2025-12-16 21:13:59.436904,52355.15,52359.05,52349.38,52353.12,82.1
2025-12-16 21:14:59.436904,52440.85,52464.83,52427.95,52432.85,57.02
2025-12-16 21:15:59.436904,52391.13,52403.17,52388.63,52390.5,55.47
2025-12-16 21:16:59.436904,52328.56,52353.86,52305.82,52340.93,5.49
2025-12-16 21:17:59.436904,52237.83,52259.08,52227.53,52233.26,166.97
2025-12-16 21:18:59.436904,52201.74,52219.01,52195.71,52201.31,65.67
2025-12-16 21:19:59.436904,52134.58,52177.74,52127.07,52135.16,158.17
2025-12-16 21:20:59.436904,52208.77,52229.4,52206.23,52217.26,153.44
2025-12-16 21:21:59.436904,52290.22,52304.57,52243.2,52267.75,35.7
2025-12-16 21:22:59.436904,52239.41,52247.16,52230.59,52233.34,45.58
2025-12-16 21:23:59.436904,52343.85,52349.29,52343.55,52345.96,228.03
2025-12-16 21:24:59.436904,52383.05,52395.39,52375.82,52395.05,187.55
2025-12-16 21:25:59.436904,52383.73,52394.06,52362.33,52378.81,98.42
2025-12-16 21:26:59.436904,52272.61,52275.68,52224.44,52253.84,112.87
2025-12-16 21:27:59.436904,52362.19,52379.88,52355.43,52368.39,68.46
2025-12-16 21:28:59.436904,52305.26,52329.5,52297.67,52298.91,121.62
2025-12-16 21:29:59.436904,52228.54,52233.03,52216.09,52216.64,64.14
2025-12-16 21:30:59.436904,52274.01,52288.0,52232.0,52267.77,1.62
2025-12-16 21:31:59.436904,52391.6,52397.83,52378.58,52389.76,33.92
2025-12-16 21:32:59.436904,52465.02,52475.53,52456.96,52458.97,101.05
2025-12-16 21:33:59.436904,52509.22,52551.44,52480.74,52487.16,43.45
2025-12-16 21:34:59.436904,52507.93,52518.47,52497.26,52516.9,96.64
2025-12-16 21:35:59.436904,52546.82,52565.47,52541.06,52559.57,46.27
2025-12-16 21:36:59.436904,52591.0,52608.59,52584.84,52597.52,60.88
2025-12-16 21:37:59.436904,52622.96,52625.67,52596.25,52611.58,142.66
2025-12-16 21:38:59.436904,52618.8,52625.71,52611.11,52616.79,112.37
2025-12-16 21:39:59.436904,52613.72,52616.65,52582.42,52613.66,99.52
2025-12-16 21:40:59.436904,52569.97,52591.26,52563.51,52575.96,143.95
2025-12-16 21:41:59.436904,52555.24,52565.02,52536.11,52561.93,124.03
2025-12-16 21:42:59.436904,52484.62,52506.55,52475.35,52477.28,172.33
2025-12-16 21:43:59.436904,52471.54,52479.09,52461.77,52472.36,77.01
2025-12-16 21:44:59.436904,52418.36,52437.36,52385.44,52422.93,78.52
2025-12-16 21:45:59.436904,52353.19,52371.31,52329.2,52367.75,34.94
2025-12-16 21:46:59.436904,52369.7,52388.0,52359.16,52376.75,78.55
2025-12-16 21:47:59.436904,52438.46,52450.54,52430.46,52446.35,148.24
2025-12-16 21:48:59.436904,52491.43,52506.53,52488.94,52492.26,165.0
2025-12-16 21:49:59.436904,52399.63,52418.52,52378.9,52413.74,148.02
2025-12-16 21:50:59.436904,52360.16,52379.13,52352.91,52364.26,10.29
2025-12-16 21:51:59.436904,52419.91,52429.4,52398.67,52411.3,154.16
2025-12-16 21:52:59.436904,52348.14,52365.01,52332.37,52362.17,8.07
2025-12-16 21:53:59.436904,52343.96,52355.4,52305.98,52350.94,144.91
2025-12-16 21:54:59.436904,52382.87,52400.71,52375.04,52378.44,81.61
2025-12-16 21:55:59.436904,52334.82,52350.63,52327.9,52330.03,135.13
2025-12-16 21:56:59.436904,52332.33,52343.87,52330.29,52335.29,33.38
2025-12-16 21:57:59.436904,52263.96,52279.16,52253.03,52268.59,158.56
2025-12-16 21:58:59.436904,52236.55,52261.59,52226.99,52238.52,26.75
2025-12-16 21:59:59.436904,52251.4,52256.69,52247.52,52254.51,66.58
2025-12-16 22:00:59.436904,52157.86,52181.55,52139.93,52174.86,50.1
2025-12-16 22:01:59.436904,52186.17,52198.58,52163.39,52196.89,12.29
2025-12-16 22:02:59.436904,52194.0,52201.35,52186.43,52195.91,104.73
2025-12-16 22:03:59.436904,52214.12,52253.64,52204.72,52223.53,190.3
2025-12-16 22:04:59.436904,52245.05,52250.88,52216.13,52234.73,233.35
2025-12-16 22:05:59.436904,52298.95,52307.52,52276.41,52302.93,104.86
2025-12-16 22:06:59.436904,52291.1,52318.7,52279.91,52309.19,155.83
2025-12-16 22:07:59.436904,52289.9,52300.38,52277.8,52287.72,111.6
2025-12-16 22:08:59.436904,52302.32,52327.5,52282.54,52293.84,124.94
2025-12-16 22:09:59.436904,52327.52,52356.2,52311.79,52321.0,82.89
2025-12-16 22:10:59.436904,52334.34,52354.01,52310.6,52323.45,109.75
2025-12-16 22:11:59.436904,52333.32,52336.69,52316.3,52325.48,126.87
2025-12-16 22:12:59.436904,52294.08,52306.98,52273.6,52290.38,71.08
2025-12-16 22:13:59.436904,52271.29,52272.48,52257.04,52257.23,96.13
2025-12-16 22:14:59.436904,52186.95,52204.19,52184.26,52187.1,97.08
2025-12-16 22:15:59.436904,52265.56,52280.39,52263.91,52274.58,141.32
2025-12-16 22:16:59.436904,52221.46,52237.94,52193.01,52212.39,46.7
2025-12-16 22:17:59.436904,52162.55,52199.05,52151.31,52177.74,97.42
2025-12-16 22:18:59.436904,52136.71,52143.52,52116.98,52141.82,195.6
2025-12-16 22:19:59.436904,52176.26,52189.89,52173.1,52186.57,158.2
2025-12-16 22:20:59.436904,52178.4,52196.92,52169.41,52171.82,167.46
2025-12-16 22:21:59.436904,52225.66,52249.69,52188.15,52234.21,101.22
2025-12-16 22:22:59.436904,52211.45,52220.38,52184.7,52200.53,116.05
2025-12-16 22:23:59.436904,52205.58,52223.33,52200.27,52214.48,150.11
2025-12-16 22:24:59.436904,52171.0,52174.7,52152.51,52172.72,178.01
2025-12-16 22:25:59.436904,52274.44,52281.06,52260.15,52279.97,2.42
2025-12-16 22:26:59.436904,52232.35,52254.85,52195.25,52220.59,34.23
2025-12-16 22:27:59.436904,52245.03,52256.72,52211.03,52236.08,165.47
2025-12-16 22:28:59.436904,52261.8,52288.04,52243.44,52267.77,86.16
2025-12-16 22:29:59.436904,52297.95,52311.24,52285.5,52288.46,66.41
2025-12-16 22:30:59.436904,52274.57,52280.14,52269.09,52279.2,37.29
2025-12-16 22:31:59.436904,52286.38,52290.03,52247.64,52272.71,72.25
2025-12-16 22:32:59.436904,52266.42,52279.31,52235.88,52274.9,29.88
2025-12-16 22:33:59.436904,52279.87,52300.22,52260.51,52267.55,204.55
2025-12-16 22:34:59.436904,52310.22,52318.75,52302.84,52315.74,98.88
2025-12-16 22:35:59.436904,52420.01,52429.75,52400.09,52426.27,97.1
2025-12-16 22:36:59.436904,52405.36,52422.55,52383.8,52398.39,129.4
2025-12-16 22:37:59.436904,52324.08,52341.56,52317.98,52329.9,148.12
2025-12-16 22:38:59.436904,52322.88,52348.87,52320.29,52325.49,147.29
2025-12-16 22:39:59.436904,52459.86,52482.82,52444.89,52454.47,153.68
2025-12-16 22:40:59.436904,52424.38,52448.82,52413.34,52414.29,68.46
2025-12-16 22:41:59.436904,52515.87,52521.46,52474.48,52496.25,85.11
2025-12-16 22:42:59.436904,52576.63,52583.77,52575.5,52580.13,138.45
2025-12-16 22:43:59.436904,52568.1,52596.45,52536.72,52552.45,73.63
2025-12-16 22:44:59.436904,52579.95,52587.72,52579.51,52580.9,99.74
2025-12-16 22:45:59.436904,52664.96,52680.55,52650.69,52662.32,119.94
2025-12-16 22:46:59.436904,52636.57,52652.48,52620.89,52643.36,139.26
2025-12-16 22:47:59.436904,52636.21,52638.27,52632.79,52633.19,11.12
2025-12-16 22:48:59.436904,52607.4,52621.76,52594.73,52604.1,135.74
2025-12-16 22:49:59.436904,52546.04,52556.48,52534.84,52553.36,88.31
2025-12-16 22:50:59.436904,52517.55,52525.51,52517.08,52520.9,135.37
2025-12-16 22:51:59.436904,52456.54,52476.14,52446.19,52459.7,138.85
2025-12-16 22:52:59.436904,52456.71,52474.62,52440.4,52461.41,180.4
2025-12-16 22:53:59.436904,52438.26,52465.24,52412.53,52422.91,167.67
2025-12-16 22:54:59.436904,52427.03,52445.63,52422.93,52434.6,167.33
2025-12-16 22:55:59.436904,52350.68,52381.65,52335.7,52356.8,172.18
2025-12-16 22:56:59.436904,52383.51,52387.16,52373.31,52373.35,114.57
2025-12-16 22:57:59.436904,52417.46,52417.5,52407.03,52415.02,101.61
2025-12-16 22:58:59.436904,52315.73,52331.79,52310.18,52315.34,143.64
2025-12-16 22:59:59.436904,52335.38,52354.46,52328.42,52334.04,136.6
2025-12-16 23:00:59.436904,52392.08,52397.08,52377.39,52395.42,84.55
2025-12-16 23:01:59.436904,52320.63,52340.76,52291.27,52334.94,120.24
2025-12-16 23:02:59.436904,52407.75,52419.41,52397.73,52418.57,98.25
2025-12-16 23:03:59.436904,52452.64,52457.71,52436.62,52439.52,57.3
2025-12-16 23:04:59.436904,52398.05,52417.64,52377.83,52404.27,164.52
2025-12-16 23:05:59.436904,52388.19,52401.54,52387.96,52401.48,102.76
2025-12-16 23:06:59.436904,52425.53,52438.68,52397.03,52429.4,202.44
2025-12-16 23:07:59.436904,52422.29,52457.77,52406.94,52433.2,18.73
2025-12-16 23:08:59.436904,52440.01,52465.86,52415.36,52460.14,72.16
2025-12-16 23:09:59.436904,52403.86,52418.78,52398.0,52414.1,101.63
2025-12-16 23:10:59.436904,52420.08,52445.35,52402.56,52422.57,156.87
2025-12-16 23:11:59.436904,52341.43,52391.35,52330.57,52351.88,119.97
2025-12-16 23:12:59.436904,52344.87,52352.15,52335.21,52346.32,115.52
2025-12-16 23:13:59.436904,52300.89,52302.55,52259.8,52301.13,43.64
2025-12-16 23:14:59.436904,52267.87,52275.59,52246.56,52264.35,42.15
2025-12-16 23:15:59.436904,52310.52,52329.81,52287.42,52326.16,116.13
2025-12-16 23:16:59.436904,52388.91,52389.81,52372.42,52380.72,31.79
2025-12-16 23:17:59.436904,52395.85,52428.09,52392.05,52411.18,73.41
2025-12-16 23:18:59.436904,52351.56,52357.85,52340.26,52356.56,125.05
2025-12-16 23:19:59.436904,52354.74,52365.94,52335.0,52340.74,50.88
2025-12-16 23:20:59.436904,52397.72,52416.25,52380.85,52401.4,180.27
2025-12-16 23:21:59.436904,52429.48,52432.74,52382.34,52408.48,161.2
2025-12-16 23:22:59.436904,52518.19,52532.35,52512.05,52524.45,21.43
2025-12-16 23:23:59.436904,52535.26,52551.28,52531.11,52544.12,53.38
2025-12-16 23:24:59.436904,52559.64,52569.39,52552.02,52553.72,14.29
2025-12-16 23:25:59.436904,52537.03,52539.52,52530.14,52538.26,60.87
2025-12-16 23:26:59.436904,52525.4,52545.13,52522.57,52544.94,138.32
2025-12-16 23:27:59.436904,52542.37,52549.57,52535.76,52537.32,79.31
2025-12-16 23:28:59.436904,52583.31,52587.34,52569.51,52572.72,123.04
2025-12-16 23:29:59.436904,52605.74,52648.1,52591.18,52620.56,23.88
2025-12-16 23:30:59.436904,52561.63,52587.75,52555.35,52581.26,139.9
2025-12-16 23:31:59.436904,52514.66,52526.6,52511.35,52514.69,72.24
2025-12-16 23:32:59.436904,52412.77,52427.35,52393.71,52422.88,100.61
2025-12-16 23:33:59.436904,52434.87,52451.98,52429.19,52448.28,95.36
2025-12-16 23:34:59.436904,52400.54,52415.34,52379.64,52393.12,36.42
2025-12-16 23:35:59.436904,52290.32,52301.0,52284.91,52285.47,42.35
2025-12-16 23:36:59.436904,52292.59,52328.04,52282.7,52304.9,148.39
2025-12-16 23:37:59.436904,52412.7,52431.96,52386.2,52429.55,119.95
2025-12-16 23:38:59.436904,52423.62,52436.51,52408.04,52429.25,152.5
2025-12-16 23:39:59.436904,52479.97,52494.46,52469.77,52471.17,116.23
2025-12-16 23:40:59.436904,52455.39,52477.89,52447.73,52475.26,107.15
2025-12-16 23:41:59.436904,52475.63,52483.0,52432.01,52470.32,13.7
2025-12-16 23:42:59.436904,52519.62,52519.76,52513.75,52516.27,86.48
2025-12-16 23:43:59.436904,52498.33,52506.36,52493.44,52501.76,98.63
2025-12-16 23:44:59.436904,52499.59,52542.33,52493.73,52515.13,197.66
2025-12-16 23:45:59.436904,52522.67,52536.36,52520.36,52531.21,134.35
2025-12-16 23:46:59.436904,52493.66,52501.98,52488.85,52497.81,176.8
2025-12-16 23:47:59.436904,52542.78,52555.05,52516.09,52547.41,129.88
2025-12-16 23:48:59.436904,52538.23,52551.36,52524.13,52538.66,64.43
2025-12-16 23:49:59.436904,52495.29,52509.65,52488.14,52500.88,105.86
2025-12-16 23:50:59.436904,52553.0,52560.18,52501.96,52527.7,111.81
2025-12-16 23:51:59.436904,52485.74,52491.14,52481.31,52482.78,53.04
2025-12-16 23:52:59.436904,52481.77,52519.42,52476.86,52484.19,80.78
2025-12-16 23:53:59.436904,52495.24,52505.98,52469.44,52483.73,89.71
2025-12-16 23:54:59.436904,52534.16,52544.27,52522.0,52538.03,180.28
2025-12-16 23:55:59.436904,52563.8,52564.75,52556.26,52561.76,4.04
2025-12-16 23:56:59.436904,52542.95,52566.45,52531.85,52560.51,160.29
2025-12-16 23:57:59.436904,52585.67,52605.35,52572.69,52601.4,53.16
2025-12-16 23:58:59.436904,52675.57,52694.83,52668.64,52670.91,31.4
2025-12-16 23:59:59.436904,52700.31,52736.7,52694.32,52698.8,159.0
2025-12-17 00:00:59.436904,52700.05,52735.86,52687.58,52699.32,136.59
2025-12-17 00:01:59.436904,52638.24,52645.68,52623.12,52633.72,162.73
2025-12-17 00:02:59.436904,52578.52,52596.93,52547.25,52580.47,140.04
2025-12-17 00:03:59.436904,52572.79,52596.27,52550.09,52565.21,202.99
2025-12-17 00:04:59.436904,52546.04,52591.15,52529.63,52534.73,127.94
2025-12-17 00:05:59.436904,52519.16,52533.95,52515.68,52525.38,92.18
2025-12-17 00:06:59.436904,52521.92,52531.87,52510.12,52528.22,117.15
2025-12-17 00:07:59.436904,52562.74,52579.1,52546.31,52554.7,162.17
2025-12-17 00:08:59.436904,52542.22,52565.96,52499.73,52551.17,61.03
2025-12-17 00:09:59.436904,52581.82,52596.36,52555.11,52575.5,67.41
2025-12-17 00:10:59.436904,52576.19,52580.38,52564.78,52578.72,84.55
2025-12-17 00:11:59.436904,52471.75,52489.34,52445.6,52479.95,5.23
2025-12-17 00:12:59.436904,52433.32,52440.73,52423.87,52432.98,106.9
2025-12-17 00:13:59.436904,52421.23,52468.6,52397.71,52425.78,5.69
2025-12-17 00:14:59.436904,52370.46,52383.31,52343.58,52365.29,102.65
2025-12-17 00:15:59.436904,52397.26,52414.15,52381.21,52395.29,143.26
2025-12-17 00:16:59.436904,52473.89,52477.73,52469.19,52471.83,76.16
2025-12-17 00:17:59.436904,52540.23,52548.3,52531.52,52532.77,183.86
2025-12-17 00:18:59.436904,52523.86,52535.83,52520.13,52522.09,26.97
2025-12-17 00:19:59.436904,52612.12,52640.01,52579.71,52596.63,159.56
2025-12-17 00:20:59.436904,52608.98,52609.66,52590.93,52604.06,133.76
2025-12-17 00:21:59.436904,52590.06,52598.43,52575.12,52587.21,14.2
2025-12-17 00:22:59.436904,52559.1,52586.95,52541.39,52556.54,235.54
2025-12-17 00:23:59.436904,52543.83,52551.06,52540.75,52541.42,96.81
2025-12-17 00:24:59.436904,52522.62,52527.49,52501.33,52522.01,56.13
2025-12-17 00:25:59.436904,52525.73,52557.59,52515.66,52530.53,29.65
2025-12-17 00:26:59.436904,52529.81,52574.44,52528.99,52538.56,89.0
2025-12-17 00:27:59.436904,52545.21,52557.88,52524.87,52538.71,93.63
2025-12-17 00:28:59.436904,52572.59,52572.67,52560.45,52560.56,105.13
2025-12-17 00:29:59.436904,52630.51,52648.19,52597.91,52620.09,85.11
2025-12-17 00:30:59.436904,52672.44,52693.04,52660.25,52667.57,131.66
2025-12-17 00:31:59.436904,52596.84,52604.64,52571.78,52593.32,80.62
2025-12-17 00:32:59.436904,52473.32,52501.36,52455.22,52465.63,3.25
2025-12-17 00:33:59.436904,52525.3,52531.6,52501.59,52512.34,92.53
2025-12-17 00:34:59.436904,52448.56,52452.71,52418.04,52444.0,18.37
2025-12-17 00:35:59.436904,52430.94,52432.89,52410.94,52432.76,117.69
2025-12-17 00:36:59.436904,52368.3,52397.82,52330.84,52374.25,51.03
2025-12-17 00:37:59.436904,52289.73,52310.06,52283.46,52284.15,108.17
2025-12-17 00:38:59.436904,52315.36,52324.52,52301.61,52311.23,165.7
2025-12-17 00:39:59.436904,52358.45,52366.02,52306.82,52349.19,52.56
2025-12-17 00:40:59.436904,52320.67,52344.12,52300.57,52320.36,153.06
2025-12-17 00:41:59.436904,52199.29,52216.98,52190.51,52190.81,78.33
2025-12-17 00:42:59.436904,52157.76,52185.02,52155.07,52163.5,187.66
2025-12-17 00:43:59.436904,52200.94,52206.15,52162.91,52183.09,81.74
2025-12-17 00:44:59.436904,52112.74,52134.54,52103.74,52109.14,57.98
2025-12-17 00:45:59.436904,52115.3,52119.48,52107.82,52118.31,134.36
2025-12-17 00:46:59.436904,52115.7,52145.17,52101.44,52117.54,78.21
2025-12-17 00:47:59.436904,52119.58,52159.89,52114.45,52146.51,57.93
2025-12-17 00:48:59.436904,52148.99,52161.33,52133.88,52152.49,76.11
2025-12-17 00:49:59.436904,52113.87,52124.35,52103.12,52103.83,97.77
2025-12-17 00:50:59.436904,52164.62,52164.99,52155.2,52163.66,167.11
2025-12-17 00:51:59.436904,52173.5,52196.64,52133.32,52155.73,3.3
2025-12-17 00:52:59.436904,52155.18,52157.64,52135.54,52154.37,101.15
2025-12-17 00:53:59.436904,52116.04,52148.98,52100.24,52107.71,131.25
2025-12-17 00:54:59.436904,52076.39,52092.94,52057.37,52085.54,109.67
2025-12-17 00:55:59.436904,52046.8,52047.66,52038.78,52041.3,165.49
2025-12-17 00:56:59.436904,52033.82,52049.95,52031.63,52032.65,96.28
2025-12-17 00:57:59.436904,52124.6,52127.76,52092.04,52118.24,90.77
2025-12-17 00:58:59.436904,52032.26,52052.79,52027.28,52049.64,129.62
2025-12-17 00:59:59.436904,51972.18,51988.55,51953.26,51968.97,104.97
2025-12-17 01:00:59.436904,52024.2,52046.03,51998.53,52042.53,80.48
2025-12-17 01:01:59.436904,52023.92,52047.59,52016.06,52032.06,125.81
2025-12-17 01:02:59.436904,51993.78,52011.15,51987.79,51998.61,67.37
2025-12-17 01:03:59.436904,52046.91,52071.97,52035.74,52050.6,69.44
2025-12-17 01:04:59.436904,52016.38,52021.7,52014.81,52020.32,73.6
2025-12-17 01:05:59.436904,52130.9,52144.21,52102.43,52111.62,167.65
2025-12-17 01:06:59.436904,52148.31,52163.27,52145.13,52145.52,61.05
2025-12-17 01:07:59.436904,52112.67,52125.42,52109.41,52121.12,119.78
2025-12-17 01:08:59.436904,52229.48,52240.87,52228.11,52228.99,101.71
2025-12-17 01:09:59.436904,52212.75,52217.13,52189.64,52198.7,15.96
2025-12-17 01:10:59.436904,52236.33,52237.23,52230.66,52235.81,115.49
2025-12-17 01:11:59.436904,52233.73,52258.17,52202.44,52250.77,123.79
2025-12-17 01:12:59.436904,52303.39,52320.22,52288.78,52315.86,129.48
2025-12-17 01:13:59.436904,52394.55,52424.49,52389.45,52393.93,32.59
2025-12-17 01:14:59.436904,52386.02,52412.35,52374.42,52395.53,168.32
2025-12-17 01:15:59.436904,52361.53,52375.47,52329.38,52357.86,63.11
2025-12-17 01:16:59.436904,52397.9,52399.88,52379.56,52380.86,134.33
2025-12-17 01:17:59.436904,52356.22,52364.08,52331.43,52346.97,137.05
2025-12-17 01:18:59.436904,52432.02,52468.02,52419.16,52447.64,56.17
2025-12-17 01:19:59.436904,52457.21,52473.41,52448.5,52454.47,133.02
2025-12-17 01:20:59.436904,52438.64,52468.97,52430.29,52436.2,80.73
2025-12-17 01:21:59.436904,52448.44,52449.96,52439.05,52445.44,3.57
2025-12-17 01:22:59.436904,52359.04,52387.06,52352.28,52378.08,158.39
2025-12-17 01:23:59.436904,52313.24,52344.0,52309.32,52329.5,61.25
2025-12-17 01:24:59.436904,52367.33,52390.54,52359.0,52389.52,57.28
2025-12-17 01:25:59.436904,52358.27,52363.73,52328.1,52356.68,79.85
2025-12-17 01:26:59.436904,52301.38,52335.73,52294.87,52304.33,113.61
2025-12-17 01:27:59.436904,52346.33,52369.01,52305.33,52331.16,97.14
2025-12-17 01:28:59.436904,52375.68,52407.84,52364.17,52390.45,127.4
2025-12-17 01:29:59.436904,52438.08,52452.67,52417.34,52426.4,33.03
2025-12-17 01:30:59.436904,52474.03,52487.89,52467.31,52476.2,62.88
2025-12-17 01:31:59.436904,52449.33,52452.38,52420.14,52438.36,94.2
2025-12-17 01:32:59.436904,52373.16,52380.02,52334.15,52367.27,194.89
2025-12-17 01:33:59.436904,52450.71,52453.49,52438.88,52442.34,94.31
2025-12-17 01:34:59.436904,52432.28,52454.92,52424.16,52426.2,154.26
2025-12-17 01:35:59.436904,52419.05,52428.14,52412.87,52413.66,101.93
2025-12-17 01:36:59.436904,52485.55,52493.18,52477.9,52480.07,75.82
2025-12-17 01:37:59.436904,52499.55,52514.34,52498.9,52507.88,87.66
2025-12-17 01:38:59.436904,52541.73,52563.99,52515.33,52530.68,91.58
2025-12-17 01:39:59.436904,52636.72,52642.05,52633.86,52638.93,130.18
2025-12-17 01:40:59.436904,52594.57,52624.85,52585.96,52606.75,168.73
2025-12-17 01:41:59.436904,52658.27,52681.18,52648.93,52653.14,117.98
2025-12-17 01:42:59.436904,52663.17,52679.0,52647.3,52655.99,159.35
2025-12-17 01:43:59.436904,52671.73,52673.62,52648.24,52669.42,51.76
2025-12-17 01:44:59.436904,52734.05,52760.62,52724.63,52745.85,79.27
2025-12-17 01:45:59.436904,52769.3,52783.13,52767.81,52771.24,63.78
2025-12-17 01:46:59.436904,52803.47,52809.82,52793.08,52798.15,115.72
2025-12-17 01:47:59.436904,52846.94,52872.26,52832.05,52851.78,82.05
2025-12-17 01:48:59.436904,52844.55,52859.17,52833.22,52833.53,136.49
2025-12-17 01:49:59.436904,52784.76,52802.12,52762.77,52791.57,53.45
2025-12-17 01:50:59.436904,52735.24,52758.94,52708.71,52739.33,102.15
2025-12-17 01:51:59.436904,52644.09,52668.06,52635.51,52641.01,134.34
2025-12-17 01:52:59.436904,52752.21,52761.66,52738.06,52743.82,3.27
2025-12-17 01:53:59.436904,52697.53,52708.51,52685.63,52688.66,206.08
2025-12-17 01:54:59.436904,52672.25,52680.55,52671.98,52677.6,85.84
2025-12-17 01:55:59.436904,52651.47,52670.73,52636.82,52663.76,1.25
2025-12-17 01:56:59.436904,52685.5,52686.17,52678.45,52679.13,107.9
2025-12-17 01:57:59.436904,52715.33,52746.1,52696.84,52719.92,101.67
2025-12-17 01:58:59.436904,52783.81,52791.23,52742.07,52762.94,95.91
2025-12-17 01:59:59.436904,52739.63,52745.38,52713.45,52733.79,149.56
2025-12-17 02:00:59.436904,52725.74,52731.88,52722.49,52725.43,137.37
2025-12-17 02:01:59.436904,52748.66,52763.74,52723.92,52739.56,114.89
2025-12-17 02:02:59.436904,52736.49,52753.4,52718.57,52727.12,122.51
2025-12-17 02:03:59.436904,52814.17,52831.09,52802.52,52807.49,94.78
2025-12-17 02:04:59.436904,52829.12,52834.36,52821.34,52832.04,188.77
